"pn","plot","lb","sp","d01","d02","d03","d04","d05","d06","d07","f01","f02","f03","f04","f05","f06","f07","x","y"
4,"Kaminokodaira",66,"オオシラビソ",29.9,30.3,30.2,30.2,30.4,30.3,30.2,4,3,3,3,1,0,0,63.9058,5.40724
4,"Kaminokodaira",99,"オオシラビソ",17,14.8,13.4,12.5,13.8,12.8,12.1,0,0,0,0,0,0,0,97.0504,26.5292
4,"Kaminokodaira",226,"オオシラビソ",17.1,17.8,18.2,18.7,18.8,19,19,5,5,2,2,2,0,0,4.01156,26.7539
4,"Kaminokodaira",799,"オオシラビソ",NA,NA,NA,NA,NA,6.8,7,NA,NA,NA,NA,NA,4,4,0.845744397563984,32.5926838432728
4,"Kaminokodaira",227,"オオシラビソ",26.1,26.3,27.1,27.5,27.8,28.4,28.3,5,5,4,4,3,2,0,9.99457,30.3945
4,"Kaminokodaira",800,"オオシラビソ",NA,NA,NA,NA,NA,8.6,9.9,NA,NA,NA,NA,NA,5,5,10.9661191199976,30.1576618539344
4,"Kaminokodaira",230,"オオシラビソ",31.7,32,32.3,32.7,32.9,33.1,33.9,4,4,4,4,4,3,3,5.84874,36.7255
4,"Kaminokodaira",238,"オオシラビソ",23.5,24.1,24.6,25.1,25.6,25.7,26.2,5,5,5,5,4,3,4,19.7289,41.1113
4,"Kaminokodaira",243,"オオシラビソ",39.8,40.4,40.6,40.9,41,41.2,41.7,5,5,4,4,4,5,4,32.0834,44.1778
4,"Kaminokodaira",812,"オオシラビソ",NA,NA,NA,NA,NA,8.5,9,NA,NA,NA,NA,NA,3,3,44.6175075912943,35.9710309121083
4,"Kaminokodaira",259,"オオシラビソ",38.5,38.7,39.1,39.7,40,40.4,41.3,4,5,5,5,5,5,3,49.6992,41.7777
4,"Kaminokodaira",263,"オオシラビソ",44.5,45.1,45.6,45.6,45.8,45.6,45.8,4,4,4,4,4,3,0,55.4763,41.762
4,"Kaminokodaira",272,"オオシラビソ",19.2,19.4,19.4,19.7,19.6,19.6,19.7,4,4,4,3,3,3,2,73.9857,51.2716
4,"Kaminokodaira",274,"オオシラビソ",33.1,34.7,34.6,35.4,35.4,35.5,35.5,5,5,4,4,4,4,4,74.3498,49.093
4,"Kaminokodaira",276,"オオシラビソ",32.3,32.2,32.4,32.4,32,30.5,30,4,0,0,0,0,0,0,77.7408,44.1679
4,"Kaminokodaira",554,"オオシラビソ",10.3,11,11.5,12,12.5,13.4,13.7,4,4,4,4,5,5,0,91.8525,65.2603
4,"Kaminokodaira",298,"オオシラビソ",34.1,35,35.2,35.8,36.4,36.9,37.4,5,5,5,5,5,5,4,90.8192,73.2452
4,"Kaminokodaira",305,"オオシラビソ",47.1,47.7,47.4,47.4,47.6,42.8,39.3,3,1,0,0,0,0,0,88.7776,56.1794
4,"Kaminokodaira",310,"オオシラビソ",29.5,28.8,27.8,27.2,26.5,25.7,21.8,0,0,0,0,0,0,0,76.5405,74.9801
4,"Kaminokodaira",311,"オオシラビソ",40.6,41.6,42.1,42.6,43.2,44.5,45.8,5,5,5,4,5,4,4,76.7708,75.5265
4,"Kaminokodaira",316,"オオシラビソ",23.9,24.3,24.4,25.2,25.5,25,23.8,4,4,4,4,4,1,0,68.7909,64.116
4,"Kaminokodaira",321,"オオシラビソ",40.3,40.8,40.9,41.6,42.1,42.8,43.1,4,4,4,5,4,4,0,58.9735,58.8161
4,"Kaminokodaira",324,"オオシラビソ",34,34.7,34.9,35.6,36,36.2,37.1,5,5,4,4,4,3,3,54.9524,48.6543
4,"Kaminokodaira",841,"オオシラビソ",NA,NA,NA,NA,NA,7.9,8.3,NA,NA,NA,NA,NA,4,4,17.1415057786755,69.2007103977854
4,"Kaminokodaira",344,"オオシラビソ",19.8,20.3,20.8,21.4,21.8,22.5,22.9,3,3,4,4,5,3,3,22.9145,69.8572
4,"Kaminokodaira",345,"オオシラビソ",30.7,31.2,31.7,32.3,32.4,33.2,33.7,5,3,4,4,4,4,3,23.6145,66.8572
4,"Kaminokodaira",584,"オオシラビソ",NA,NA,10.2,10.6,11.3,12.8,14,NA,NA,3,3,4,4,5,27.3645,68.5672
4,"Kaminokodaira",353,"オオシラビソ",24.1,24.5,24.3,24.4,25.3,25.2,25.7,3,3,3,3,3,3,0,36.4606,65.6285
4,"Kaminokodaira",359,"オオシラビソ",21.1,21.7,21.9,22.6,23.6,25.2,25.4,4,4,4,5,5,4,3,42.3506,64.7485
4,"Kaminokodaira",360,"オオシラビソ",39.1,39.9,40.4,40.8,41.2,41.3,41.4,5,5,3,3,4,3,0,42.7906,64.5585
4,"Kaminokodaira",748,"オオシラビソ",NA,NA,NA,NA,8.4,8.9,9.4,NA,NA,NA,NA,4,4,4,50.2214,55.8893
4,"Kaminokodaira",371,"オオシラビソ",41.2,42,42.2,42.8,43.3,43.3,43.1,4,5,5,5,4,4,0,51.086,68.7356
4,"Kaminokodaira",384,"オオシラビソ",35.7,36,36.3,36.9,36.7,36.8,36.8,3,3,2,2,2,2,2,90.0633,76.9035
4,"Kaminokodaira",417,"オオシラビソ",41.8,43.2,43.9,45.4,46.2,47.6,48.9,5,5,5,5,5,5,5,62.546,89.5394
4,"Kaminokodaira",435,"オオシラビソ",23.7,23.7,23.3,23.1,23.1,20.7,20.7,0,0,0,0,0,0,0,38.5675,73.7919
4,"Kaminokodaira",437,"オオシラビソ",35.5,36.3,37.5,38.6,39.3,41.4,42.3,5,5,5,5,5,5,5,34.2511,87.7042
4,"Kaminokodaira",663,"オオシラビソ",NA,NA,NA,8.8,8.8,9.3,9.6,NA,NA,NA,4,3,3,3,30.9265,95.8833
4,"Kaminokodaira",869,"オオシラビソ",NA,NA,NA,NA,NA,7.7,7.3,NA,NA,NA,NA,NA,3,0,24.4602921827036,93.4751526447535
4,"Kaminokodaira",672,"オオシラビソ",NA,NA,NA,8.8,9.3,11.1,13.3,NA,NA,NA,4,4,5,5,13.0295,87.9049
4,"Kaminokodaira",474,"オオシラビソ",NA,NA,NA,8.5,8.7,NA,NA,NA,NA,NA,4,4,-1,-1,86.453,17.7946
4,"Kaminokodaira",188,"オオシラビソ",24.3,24.1,23.9,23.6,23,21.8,NA,0,0,0,0,0,0,-1,75.7589,37.2894
4,"Kaminokodaira",200,"オオシラビソ",10.1,NA,NA,NA,NA,NA,NA,0,-1,-1,-1,-1,-1,-1,49.8976,21.4295
4,"Kaminokodaira",224,"オオシラビソ",22.4,21.7,NA,NA,NA,NA,NA,0,0,-1,-1,-1,-1,-1,13.3075,21.8482
4,"Kaminokodaira",520,"オオシラビソ",12.2,12.6,12.9,13.2,13.5,14.6,NA,4,4,4,4,4,4,-1,11.3278,40.9169
4,"Kaminokodaira",267,"オオシラビソ",33.4,31.4,NA,NA,NA,NA,NA,0,0,-1,-1,-1,-1,-1,68.3001,53.319
4,"Kaminokodaira",270,"オオシラビソ",21.8,19.3,18.3,NA,NA,NA,NA,0,0,0,-1,-1,-1,-1,76.4893,52.5357
4,"Kaminokodaira",313,"オオシラビソ",30.8,30.8,30.8,30,NA,NA,NA,0,0,0,0,-1,-1,-1,73.6323,74.0834
4,"Kaminokodaira",579,"オオシラビソ",NA,NA,NA,7.8,8,NA,NA,NA,NA,NA,4,4,-1,-1,4.9036,76.8671
4,"Kaminokodaira",358,"オオシラビソ",25,25,NA,NA,NA,NA,NA,0,0,-1,-1,-1,-1,-1,44.0306,67.0085
4,"Kaminokodaira",383,"オオシラビソ",39.6,39.6,39.5,39.6,39.4,39.8,NA,4,2,0,0,0,0,-1,92.0667,77.472
4,"Kaminokodaira",386,"オオシラビソ",40.6,40.8,NA,NA,NA,NA,NA,0,0,-1,-1,-1,-1,-1,98.754,76.2566
4,"Kaminokodaira",387,"オオシラビソ",33.7,33.7,34.2,NA,NA,NA,NA,0,0,0,-1,-1,-1,-1,99.2017,77.5262
4,"Kaminokodaira",389,"オオシラビソ",20.7,20.7,NA,NA,NA,NA,NA,0,0,-1,-1,-1,-1,-1,97.4299,96.9479
4,"Kaminokodaira",394,"オオシラビソ",31.5,31.5,NA,NA,NA,NA,NA,0,0,-1,-1,-1,-1,-1,95.7743,89.8982
4,"Kaminokodaira",397,"オオシラビソ",36.2,36.5,33.7,NA,NA,NA,NA,0,0,0,-1,-1,-1,-1,88.9594,89.7972
4,"Kaminokodaira",404,"オオシラビソ",26.7,24.5,21.8,17.6,NA,NA,NA,0,0,0,0,-1,-1,-1,80.8654,86.6492
4,"Kaminokodaira",413,"オオシラビソ",28.3,27,26,26,NA,NA,NA,0,0,0,0,-1,-1,-1,68.9093,97.7939
4,"Kaminokodaira",414,"オオシラビソ",12.1,12.9,13,14,14.2,NA,NA,3,4,3,4,2,-1,-1,66.431,94.127
4,"Kaminokodaira",416,"オオシラビソ",29.1,28.4,NA,NA,NA,NA,NA,0,0,-1,-1,-1,-1,-1,69.0191,88.0377
4,"Kaminokodaira",418,"オオシラビソ",18.9,18.9,NA,NA,NA,NA,NA,0,0,-1,-1,-1,-1,-1,60.2106,89.5255
4,"Kaminokodaira",419,"オオシラビソ",25.9,25.9,NA,NA,NA,NA,NA,0,0,-1,-1,-1,-1,-1,53.1818,96.2681
4,"Kaminokodaira",427,"オオシラビソ",32.7,30.9,NA,NA,NA,NA,NA,0,0,-1,-1,-1,-1,-1,50.5022,79.962
4,"Kaminokodaira",432,"オオシラビソ",37.9,39.4,40.9,NA,NA,NA,NA,0,0,0,-1,-1,-1,-1,41.8484,82.4628
4,"Kaminokodaira",436,"オオシラビソ",30,30,NA,NA,NA,NA,NA,0,0,-1,-1,-1,-1,-1,36.4642,81.0523
4,"Kaminokodaira",441,"オオシラビソ",29.9,29.9,NA,NA,NA,NA,NA,0,0,-1,-1,-1,-1,-1,18.3949,84.9328
4,"Kaminokodaira",444,"オオシラビソ",26,24,20.4,NA,NA,NA,NA,0,0,0,-1,-1,-1,-1,17.0483,88.2135
5,"Matsuotoge",1,"オオシラビソ",11.8,11.9,12.5,13.4,14.4,15.9,17.3,3,4,5,4,4,4,5,2.10377,9.23838
5,"Matsuotoge",2,"オオシラビソ",20.8,20.8,21,NA,NA,NA,NA,1,1,1,-1,-1,-1,-1,1.37779,14.2011
5,"Matsuotoge",3,"オオシラビソ",12.2,12.5,13.2,13.9,14.1,15,15.7,2,4,4,4,4,4,4,5.03442,15.1868
5,"Matsuotoge",4,"オオシラビソ",23.7,24.2,24.9,25.7,26.5,27.7,28.6,3,4,4,4,5,4,4,6.64874,14.5852
5,"Matsuotoge",5,"オオシラビソ",13.7,13.8,13.8,13.8,14.1,14.5,15.6,1,2,3,3,3,3,2,8.03874,13.1452
5,"Matsuotoge",6,"オオシラビソ",12,12.4,12.7,13.2,13.6,14.4,15.2,3,5,5,4,4,4,4,8.42684,15.0694
5,"Matsuotoge",7,"オオシラビソ",17.9,18.5,19.3,20.5,21.5,23.4,24.1,3,5,5,5,4,4,5,15.3198,17.0022
5,"Matsuotoge",8,"オオシラビソ",12.7,12.9,13.3,13.7,13.9,14.4,14.7,2,3,3,3,3,3,3,12.2922,20.2199
5,"Matsuotoge",247,"オオシラビソ",NA,NA,NA,NA,NA,NA,8.3,NA,NA,NA,NA,NA,NA,4,11.2122,20.9499
5,"Matsuotoge",245,"オオシラビソ",NA,NA,NA,NA,NA,7.4,9,NA,NA,NA,NA,NA,5,4,14.4282,22.769
5,"Matsuotoge",201,"オオシラビソ",NA,NA,NA,NA,9.4,10.2,11.5,NA,NA,NA,NA,4,4,3,11.4982,22.149
5,"Matsuotoge",9,"オオシラビソ",7.8,7.9,8.4,8.5,8.9,9.3,9.7,2,4,4,4,4,3,4,8.66616,22.8441
5,"Matsuotoge",10,"オオシラビソ",12.8,13.1,13.6,13.8,13.7,14.3,14.6,3,4,4,3,4,3,4,8.28758,21.7255
5,"Matsuotoge",11,"オオシラビソ",26.2,26.5,27.3,27.3,27.6,27.8,27.9,4,4,4,4,4,3,3,7.50428,20.3924
5,"Matsuotoge",202,"オオシラビソ",NA,NA,NA,NA,9.9,10.5,10.8,NA,NA,NA,NA,4,4,3,6.31428,20.5624
5,"Matsuotoge",12,"オオシラビソ",12.9,13.1,13.5,14.1,14.2,15.4,16.8,3,5,5,4,4,4,5,3.97672,18.8929
5,"Matsuotoge",13,"オオシラビソ",32,32,31.4,32.4,29.6,NA,NA,2,0,0,0,0,-1,-1,0.0907612,15.7018
5,"Matsuotoge",14,"オオシラビソ",12.5,12.7,12.8,12.7,12.7,NA,NA,2,0,0,0,0,-1,-1,-0.200167,15.772
5,"Matsuotoge",15,"オオシラビソ",22.2,22.9,23.3,24,24.8,25.9,27.4,4,4,3,4,4,4,4,-1.2783,21.4479
5,"Matsuotoge",16,"オオシラビソ",34.2,34.7,35.2,35.7,36.1,36.7,37.3,3,4,4,4,3,3,4,0.544445,21.7605
5,"Matsuotoge",17,"オオシラビソ",20.5,21.5,22.1,22.4,23.2,24.3,25.6,4,5,4,3,4,3,4,3.60759,22.5369
5,"Matsuotoge",18,"オオシラビソ",20.3,20.5,20.7,21,21.4,21.9,23.1,3,4,4,4,4,3,4,5.53514,22.5737
5,"Matsuotoge",19,"オオシラビソ",20.7,20.8,21.5,21.4,21.8,22.5,23,2,3,4,3,4,4,4,10.7282,23.879
5,"Matsuotoge",20,"オオシラビソ",26.4,26.7,27.2,27.8,27.9,28.5,28.8,2,3,3,5,4,3,2,11.13,24.599
5,"Matsuotoge",21,"オオシラビソ",29.5,30,30.5,31.7,32,33.3,34.7,4,4,4,3,4,5,5,11.037,24.9165
5,"Matsuotoge",22,"オオシラビソ",16.8,17.1,17.7,18.2,18.2,18.5,18.8,3,4,4,4,3,3,3,14.0602,28.325
5,"Matsuotoge",23,"オオシラビソ",35.4,35.4,34.9,33.5,32.8,NA,NA,0,0,0,0,0,-1,-1,13.3602,28.925
5,"Matsuotoge",203,"オオシラビソ",NA,NA,NA,NA,8.3,10.2,11.7,NA,NA,NA,NA,4,4,4,22.3215,28.1863
5,"Matsuotoge",24,"オオシラビソ",17,17.8,18.9,19.8,21,22.5,23.9,3,5,5,5,5,5,5,22.0115,29.7563
5,"Matsuotoge",242,"オオシラビソ",NA,NA,NA,NA,NA,7.5,8.1,NA,NA,NA,NA,NA,5,5,27.9472,32.0629
5,"Matsuotoge",25,"オオシラビソ",28.4,28.7,28.9,29.4,29.9,30.6,31.5,3,4,4,4,4,4,4,27.2172,33.3729
5,"Matsuotoge",26,"オオシラビソ",16,16.6,16.3,NA,NA,NA,NA,1,2,-1,-1,-1,-1,-1,28.5697,35.0845
5,"Matsuotoge",28,"オオシラビソ",11.1,11.6,12,NA,NA,NA,NA,1,2,2,-1,-1,-1,-1,38.7923,33.2085
5,"Matsuotoge",29,"オオシラビソ",33.7,34.5,34.3,34.5,34.4,34.9,35.5,4,3,2,3,4,4,4,43.7452,34.9487
5,"Matsuotoge",30,"オオシラビソ",31.7,32.4,32.7,32.6,32.6,33,33.9,4,4,3,3,4,3,3,47.7143,33.6303
5,"Matsuotoge",239,"オオシラビソ",NA,NA,NA,NA,NA,8.1,8.7,NA,NA,NA,NA,NA,5,4,48.0943,33.1603
5,"Matsuotoge",31,"オオシラビソ",11.6,11.9,11.5,12.7,12.8,13.7,14.2,2,2,3,4,4,4,4,48.6998,28.9999
5,"Matsuotoge",32,"オオシラビソ",10.3,10.5,10.9,11.2,11.8,12.8,14,3,4,4,4,4,4,4,49.6356,37.9267
5,"Matsuotoge",33,"オオシラビソ",14,14.3,14.4,NA,NA,NA,NA,2,2,2,-1,-1,-1,-1,48.0027,38.1687
5,"Matsuotoge",34,"オオシラビソ",33.4,33.6,33.8,34,34.1,34.6,35.1,4,4,4,5,4,3,4,47.4992,38.9468
5,"Matsuotoge",204,"オオシラビソ",NA,NA,NA,NA,8.2,8.8,9.8,NA,NA,NA,NA,4,4,3,46.7292,39.1668
5,"Matsuotoge",35,"オオシラビソ",18.4,18.6,18.6,18.6,18.6,18.8,17.7,3,2,1,1,2,0,0,45.1276,37.5391
5,"Matsuotoge",36,"オオシラビソ",16.1,16.4,16.9,17.5,17.7,18.8,20.1,3,3,3,4,5,4,5,44.2928,37.3084
5,"Matsuotoge",37,"オオシラビソ",10.4,10.5,10.7,10.9,10.8,10.9,11.1,3,4,3,4,4,3,4,44.0947,37.7162
5,"Matsuotoge",38,"オオシラビソ",11.5,11.7,12.2,12.5,12.9,13.5,13.9,3,4,4,3,4,4,4,42.3245,39.4244
5,"Matsuotoge",39,"オオシラビソ",37.7,38.3,38.4,39,39.5,41,41.7,4,3,3,4,4,4,4,35.6831,38.2664
5,"Matsuotoge",40,"オオシラビソ",43.5,43.9,43.8,43.8,44,42.5,41.5,4,2,0,0,0,0,0,35.217,39.5968
5,"Matsuotoge",240,"オオシラビソ",NA,NA,NA,NA,NA,7.9,8.3,NA,NA,NA,NA,NA,4,4,31.552,37.0767
5,"Matsuotoge",41,"オオシラビソ",32.7,32.9,33.4,34.1,34.7,35.5,36.9,4,3,3,3,4,4,4,31.822,38.4467
5,"Matsuotoge",42,"オオシラビソ",17.8,18,18.4,18.7,19,19.9,20.8,3,3,3,4,4,4,4,31.7037,39.5911
5,"Matsuotoge",43,"オオシラビソ",35.9,36.2,36.6,36.8,37.2,38.3,39.5,3,5,5,5,5,5,5,24.2098,39.6454
5,"Matsuotoge",44,"オオシラビソ",15.5,15.9,16.2,16.3,16.5,16.9,17.3,3,3,3,4,4,4,3,23.9205,40.5757
5,"Matsuotoge",249,"オオシラビソ",NA,NA,NA,NA,NA,NA,7.9,NA,NA,NA,NA,NA,NA,4,23.6905,41.6557
5,"Matsuotoge",45,"オオシラビソ",17,17.2,17.6,17.8,18,NA,NA,3,3,3,3,3,-1,-1,21.3798,42.3662
5,"Matsuotoge",46,"オオシラビソ",13.4,13.4,12.5,NA,NA,NA,NA,0,0,0,-1,-1,-1,-1,16.3305,37.801
5,"Matsuotoge",243,"オオシラビソ",NA,NA,NA,NA,NA,8.1,8.4,NA,NA,NA,NA,NA,4,4,20.0345,37.5236
5,"Matsuotoge",206,"オオシラビソ",NA,NA,NA,NA,9.5,9.9,10.4,NA,NA,NA,NA,3,4,3,18.7345,36.1236
5,"Matsuotoge",207,"オオシラビソ",NA,NA,NA,NA,8.9,9.3,9.6,NA,NA,NA,NA,3,3,4,20.3145,36.2736
5,"Matsuotoge",208,"オオシラビソ",NA,NA,NA,NA,9.5,9.7,9.9,NA,NA,NA,NA,4,4,3,21.6345,34.2436
5,"Matsuotoge",47,"オオシラビソ",9.7,10,10.5,10.9,11.3,11.7,12.4,3,3,3,4,3,3,4,18.7119,32.4722
5,"Matsuotoge",209,"オオシラビソ",NA,NA,10,10.6,11.2,12,13.2,NA,NA,3,3,4,4,5,18.6219,31.9322
5,"Matsuotoge",244,"オオシラビソ",NA,NA,NA,NA,NA,7.3,8,NA,NA,NA,NA,NA,5,5,18.6119,31.6322
5,"Matsuotoge",48,"オオシラビソ",29,29.8,30.6,30.8,31.4,32.2,33.2,4,4,4,4,4,4,4,10.1255,28.4324
5,"Matsuotoge",49,"オオシラビソ",11.8,11.7,12.3,12,NA,NA,NA,2,2,2,2,-1,-1,-1,10.3255,26.3324
5,"Matsuotoge",210,"オオシラビソ",NA,NA,NA,NA,8.9,9.3,9.3,NA,NA,NA,NA,3,3,2,8.837,25.5865
5,"Matsuotoge",50,"オオシラビソ",11.7,12.2,12.7,13.3,14,15.1,15.8,2,3,3,4,3,4,4,3.83502,26.5543
5,"Matsuotoge",51,"オオシラビソ",28,28,28,28.2,28.4,29.3,29.3,4,3,3,4,3,3,3,3.63185,25.2174
5,"Matsuotoge",52,"オオシラビソ",16.4,16.8,17,17.4,17.9,18.5,19.2,3,4,4,3,3,4,4,-0.14536,25.1085
5,"Matsuotoge",53,"オオシラビソ",14.5,14.6,15.1,15.3,15.7,16.2,16.9,3,4,4,3,3,3,3,0.812365,26.9027
5,"Matsuotoge",54,"オオシラビソ",22.1,22.7,23,23.5,23.7,24.7,25.8,4,5,5,4,4,4,5,1.478,28.669
5,"Matsuotoge",55,"オオシラビソ",10.6,10.8,11.1,11.4,11.7,NA,NA,3,4,4,4,5,-1,-1,0.906643,29.7272
5,"Matsuotoge",211,"オオシラビソ",NA,NA,NA,9.3,9.7,10,10.7,NA,NA,NA,3,3,4,4,0.656643,29.6972
5,"Matsuotoge",56,"オオシラビソ",13.2,13.5,13.7,14.3,14.8,16.1,18.3,3,4,4,4,5,4,5,0.668292,30.5709
5,"Matsuotoge",57,"オオシラビソ",18.4,18.7,19.9,NA,NA,NA,NA,1,2,2,-1,-1,-1,-1,0.418981,30.6813
5,"Matsuotoge",58,"オオシラビソ",16.8,17,17.3,17.7,18,18.6,19.5,3,4,5,4,4,4,4,13.1281,31.6457
5,"Matsuotoge",59,"オオシラビソ",12.8,13,13.7,14,14.3,15.2,16,3,4,4,4,4,4,4,12.6248,33.3328
5,"Matsuotoge",60,"オオシラビソ",17.7,18.3,19.2,20.3,21.6,22.7,24.7,4,4,5,5,5,5,5,17.8545,35.1836
5,"Matsuotoge",212,"オオシラビソ",NA,NA,NA,NA,8.1,9.4,10.6,NA,NA,NA,NA,5,4,5,17.733,44.4783
5,"Matsuotoge",61,"オオシラビソ",27.6,28.2,29.1,29.7,30.2,31.6,33.1,4,4,5,5,5,5,5,20.963,46.8183
5,"Matsuotoge",62,"オオシラビソ",31.3,31.7,32.2,33,33.3,34.6,36.3,4,5,4,5,5,5,5,22.4493,48.7184
5,"Matsuotoge",241,"オオシラビソ",NA,NA,NA,NA,NA,7.9,8.2,NA,NA,NA,NA,NA,5,4,27.4193,48.1984
5,"Matsuotoge",63,"オオシラビソ",13.5,13.6,13.8,13.9,14,14,14.2,1,2,2,3,3,3,3,27.8295,43.3209
5,"Matsuotoge",213,"オオシラビソ",NA,NA,NA,9.4,10.4,11.8,13.2,NA,NA,NA,5,5,4,5,27.3195,43.1109
5,"Matsuotoge",250,"オオシラビソ",NA,NA,NA,NA,NA,NA,7.2,NA,NA,NA,NA,NA,NA,3,35.3082,47.3116
5,"Matsuotoge",65,"オオシラビソ",34.5,35.1,35.6,35.6,35.8,36.6,37.2,5,5,5,4,5,5,5,37.6682,46.5016
5,"Matsuotoge",66,"オオシラビソ",34.5,34.9,35.1,35.6,35.8,36.1,36.7,4,4,4,5,5,5,5,38.8268,46.2788
5,"Matsuotoge",67,"オオシラビソ",17.8,18,18.1,18.3,18.4,19,19.8,3,3,2,3,5,4,5,40.6806,44.2043
5,"Matsuotoge",68,"オオシラビソ",22.1,22.6,23,23.4,23.7,24.2,25.1,3,4,4,4,4,4,4,40.9642,42.6888
5,"Matsuotoge",237,"オオシラビソ",NA,NA,NA,NA,NA,8.4,9.1,NA,NA,NA,NA,NA,4,4,41.3542,42.7888
5,"Matsuotoge",69,"オオシラビソ",11.8,12,12.2,12.2,12.3,12.6,13,2,3,2,2,4,3,4,43.7688,42.972
5,"Matsuotoge",70,"オオシラビソ",23.1,23.7,24.1,24.5,24.6,25.4,26.3,5,4,4,4,4,4,4,44.0363,43.0293
5,"Matsuotoge",71,"オオシラビソ",26.5,26.9,27.3,27.4,27.9,28.7,30,5,4,4,4,5,4,5,46.7328,43.2522
5,"Matsuotoge",72,"オオシラビソ",18.9,19.1,19,18.1,18,17.9,NA,0,0,0,0,0,0,-1,47.8999,40.4098
5,"Matsuotoge",73,"オオシラビソ",24.6,25.3,26,26.4,27.1,28,29.3,4,5,5,5,5,5,5,48.356,46.378
5,"Matsuotoge",252,"オオシラビソ",NA,NA,NA,NA,NA,NA,7.6,NA,NA,NA,NA,NA,NA,4,46.606,45.938
5,"Matsuotoge",75,"オオシラビソ",19.2,19.8,20,20,20,20.1,NA,2,2,2,2,2,2,-1,44.8386,46.0809
5,"Matsuotoge",76,"オオシラビソ",24.2,24.7,25,25.4,25.7,26.4,27.7,3,4,4,4,5,4,4,41.2344,49.8739
5,"Matsuotoge",77,"オオシラビソ",38.2,38.6,38.9,39.3,39.6,39.9,40.4,5,5,4,5,5,5,5,42.023,51.7361
5,"Matsuotoge",78,"オオシラビソ",31.2,31.4,31.7,31.8,31.8,32.3,33,4,4,2,3,5,4,4,38.0885,50.7369
5,"Matsuotoge",79,"オオシラビソ",30.2,30.4,30.6,30.9,31,31.3,32.2,5,4,4,5,5,4,5,35.7235,50.2475
5,"Matsuotoge",80,"オオシラビソ",20.4,20.5,20.6,20.7,21.3,21.4,22.2,3,4,4,4,5,4,4,36.2458,51.0379
5,"Matsuotoge",81,"オオシラビソ",31.3,31.3,31.6,31.8,31.8,32.2,32.6,5,4,4,4,4,3,4,34.607,54.2841
5,"Matsuotoge",82,"オオシラビソ",25.5,25.8,26.1,26.3,26.7,27.1,27.8,3,4,4,5,5,4,5,36.2767,55.1139
5,"Matsuotoge",83,"オオシラビソ",12,12.2,12.5,12.6,12.7,12.9,13.4,2,2,2,2,3,3,3,31.9916,55.2498
5,"Matsuotoge",84,"オオシラビソ",40.2,40.6,41.1,41.5,41.7,42.1,43.1,5,5,4,5,5,5,5,31.6916,56.9498
5,"Matsuotoge",85,"オオシラビソ",48.5,48.21,47.7,46.4,45.8,46.5,37.3,0,0,0,0,0,0,0,28.8113,59.8455
5,"Matsuotoge",86,"オオシラビソ",44.3,44.7,44.8,44.9,45.3,45.7,46.9,5,5,5,5,5,5,5,28.4693,55.9047
5,"Matsuotoge",87,"オオシラビソ",26.9,27.3,27.3,27.7,28,28.4,29.5,4,4,3,4,4,4,4,26.6011,55.8563
5,"Matsuotoge",88,"オオシラビソ",25.9,26.2,26.3,26.4,26.8,27.2,28.4,4,4,3,3,4,4,4,25.0019,56.946
5,"Matsuotoge",89,"オオシラビソ",18.9,19.5,20.2,20.4,21,21.5,20.2,2,4,3,3,4,3,0,18.064,56.2623
5,"Matsuotoge",215,"オオシラビソ",NA,NA,NA,9.3,9.7,10.5,11.5,NA,NA,NA,4,4,4,4,17.924,53.5723
5,"Matsuotoge",216,"オオシラビソ",NA,NA,NA,9,9.2,9.5,10.4,NA,NA,NA,4,4,4,4,14.064,54.0423
5,"Matsuotoge",90,"オオシラビソ",18.2,19.4,20.4,21.1,21.5,22.5,23.9,2,4,4,4,4,4,4,16.7943,49.3207
5,"Matsuotoge",91,"オオシラビソ",14.5,15,15.4,NA,NA,NA,NA,2,3,3,-1,-1,-1,-1,12.3062,50.2047
5,"Matsuotoge",92,"オオシラビソ",14.3,15,15.9,16.7,17.4,18.7,20.8,3,4,4,4,4,5,5,12.4635,49.1181
5,"Matsuotoge",93,"オオシラビソ",41,41,41.7,42,42.3,43.3,44.2,1,4,4,4,4,4,4,12.8947,42.4273
5,"Matsuotoge",253,"オオシラビソ",NA,NA,NA,NA,NA,NA,7.4,NA,NA,NA,NA,NA,NA,5,1.28646,38.9595
5,"Matsuotoge",94,"オオシラビソ",11.4,12.2,12.9,13.3,14.2,16,17.8,3,5,4,4,5,4,5,7.47646,42.8295
5,"Matsuotoge",95,"オオシラビソ",19.3,19.8,20.3,20.8,21.2,22.4,23.8,3,4,5,5,4,4,4,27.0235,64.3548
5,"Matsuotoge",96,"オオシラビソ",40.6,41.5,41.9,42.5,42.8,43,44.2,5,5,5,5,5,5,5,27.0373,64.342
5,"Matsuotoge",97,"オオシラビソ",26.1,26.6,26.8,27.5,27.9,28.9,30.8,5,5,5,5,5,5,5,30.6105,63.0384
5,"Matsuotoge",223,"オオシラビソ",NA,NA,NA,NA,9.7,10.2,10.9,NA,NA,NA,NA,4,4,4,37.35,61.4617
5,"Matsuotoge",98,"オオシラビソ",31.8,32.4,33.1,33.8,34.2,34.9,36.6,5,5,5,5,5,5,5,36.62,60.6517
5,"Matsuotoge",99,"オオシラビソ",26.9,27.21,27.3,27.4,27.7,27.7,NA,3,3,3,4,4,4,-1,37.5033,57.1618
5,"Matsuotoge",100,"オオシラビソ",34,34.1,34.5,35.1,35.3,36.4,NA,4,5,5,5,5,5,-1,38.3398,57.8809
5,"Matsuotoge",101,"オオシラビソ",34.2,34.6,34.8,34.5,34.2,34.5,34.3,0,0,0,0,0,0,0,41.0974,57.8034
5,"Matsuotoge",102,"オオシラビソ",28.5,27.6,27.1,26.6,26.3,26.5,NA,0,0,0,0,0,0,-1,42.7725,54.6372
5,"Matsuotoge",103,"オオシラビソ",28.3,28.9,29.5,30.1,30.5,32,NA,5,5,5,5,5,5,-1,42.8825,54.2466
5,"Matsuotoge",104,"オオシラビソ",24.5,24.6,24.9,25,25.2,25.5,26.2,5,3,4,4,4,4,4,45.8287,55.7397
5,"Matsuotoge",105,"オオシラビソ",35.1,35.6,36.2,36.7,36.8,37.7,38.7,5,4,4,5,5,5,5,47.7204,52.3892
5,"Matsuotoge",106,"オオシラビソ",22.4,23.1,23.3,23.4,23.6,24.1,24.7,3,4,4,3,3,4,4,49.0585,55.0545
5,"Matsuotoge",107,"オオシラビソ",33,33,33.4,33.3,33.5,33.8,34.2,3,3,4,4,4,5,5,46.799,58.5999
5,"Matsuotoge",108,"オオシラビソ",16.5,16.8,17.2,17.3,17.5,17.5,NA,2,4,3,3,3,3,-1,43.2234,58.2478
5,"Matsuotoge",109,"オオシラビソ",24.9,25.2,25.9,26.3,26.5,26.9,27.7,4,5,4,5,4,5,4,42.1569,60.2419
5,"Matsuotoge",110,"オオシラビソ",34.7,34.7,35.4,35.6,35.7,36.8,37.8,3,4,4,5,5,4,5,41.6225,61.5537
5,"Matsuotoge",111,"オオシラビソ",17.8,16.6,16.7,17,16.9,NA,NA,0,0,0,0,0,-1,-1,42.1027,62.7967
5,"Matsuotoge",113,"オオシラビソ",31.4,31.8,31.8,32.2,32.2,33.2,34,4,4,4,4,5,5,4,33.3715,64.913
5,"Matsuotoge",114,"オオシラビソ",27.7,28.4,28.8,29.1,29.3,29.9,31.4,5,4,5,5,5,5,5,32.001,66.8451
5,"Matsuotoge",115,"オオシラビソ",37.4,37.6,38.2,38.5,38.6,39.1,40.5,5,4,4,5,5,5,5,32.894,69.8009
5,"Matsuotoge",116,"オオシラビソ",28.4,28.8,29.1,29.2,29.7,30.4,31.3,4,4,4,4,4,4,4,31.7624,69.5253
5,"Matsuotoge",117,"オオシラビソ",15.6,15.8,15.9,NA,NA,NA,NA,2,4,1,-1,-1,-1,-1,25.9673,67.9763
5,"Matsuotoge",118,"オオシラビソ",37.3,37.5,38,38.6,38.8,39.2,40.2,4,4,4,5,5,5,5,22.3092,71.0332
5,"Matsuotoge",119,"オオシラビソ",29.4,30,30.6,31.3,32.1,33.2,35.1,4,5,5,5,4,5,5,20.607,71.4
5,"Matsuotoge",120,"オオシラビソ",13.3,13.4,13.8,13.6,13.7,13.9,NA,2,3,3,2,2,2,-1,22.3864,73.5783
5,"Matsuotoge",121,"オオシラビソ",32.6,32.7,33.3,34,34.2,35.1,36.4,4,4,4,5,5,4,4,22.2306,75.308
5,"Matsuotoge",122,"オオシラビソ",19.5,20.1,20.7,21.1,21.4,22.6,23.7,2,5,4,5,4,5,4,18.26,75.7307
5,"Matsuotoge",123,"オオシラビソ",27.7,28.2,28.6,28.8,29.1,29.6,30.4,3,4,4,4,4,4,4,18.86,76.5307
5,"Matsuotoge",124,"オオシラビソ",27,27.3,27.8,28,28.4,29.2,30.8,3,4,4,4,4,4,4,18.0555,77.5675
5,"Matsuotoge",125,"オオシラビソ",19.5,19.5,19.3,19.5,19.2,18.4,18.2,0,0,0,0,0,0,0,20.2631,76.2307
5,"Matsuotoge",126,"オオシラビソ",31,31,31.2,31.5,31.8,32.4,33.7,4,4,4,5,5,5,5,19.9744,76.8924
5,"Matsuotoge",127,"オオシラビソ",35.5,35.8,35.9,35.9,36.5,36.4,36.6,3,4,4,4,4,4,4,20.6027,78.1427
5,"Matsuotoge",128,"オオシラビソ",58.8,59.3,59.6,59.1,59.2,59,NA,3,3,3,1,0,0,-1,13.7673,78.7452
5,"Matsuotoge",129,"オオシラビソ",27.1,28.3,28.7,30.2,31.4,33,36.1,4,4,4,5,5,5,5,12.5729,79.4399
5,"Matsuotoge",130,"オオシラビソ",9,9.3,10.1,11,11.5,12.5,13.1,2,4,3,4,4,3,4,8.12856,80.6578
5,"Matsuotoge",131,"オオシラビソ",21.7,22.2,22.9,23.9,24.5,25.9,28.5,4,5,5,4,5,5,5,6.04955,77.8079
5,"Matsuotoge",132,"オオシラビソ",36,36.7,37.3,38.5,39.2,40.6,42.4,4,5,5,5,5,5,5,4.09608,76.8583
5,"Matsuotoge",133,"オオシラビソ",51.1,51.1,51.3,51.6,51.7,49.5,47.5,0,0,0,0,0,0,0,3.06203,81.5667
5,"Matsuotoge",134,"オオシラビソ",33.2,33.5,33.9,34.1,34.4,35,35.5,3,4,4,4,3,4,4,3.45667,84.6674
5,"Matsuotoge",137,"オオシラビソ",37.5,38.8,38.7,39.8,40.7,42.6,45.3,4,4,5,5,5,5,5,6.20026,88.5137
5,"Matsuotoge",138,"オオシラビソ",42.2,42.4,42.6,43.3,43.4,43.6,44.7,3,3,4,4,4,4,4,7.10026,85.1137
5,"Matsuotoge",139,"オオシラビソ",39.6,38.8,38.5,36.9,37,28,19.4,0,0,0,0,0,0,0,12.4528,85.5277
5,"Matsuotoge",140,"オオシラビソ",43.1,43.1,43.1,44,44,40.3,NA,0,0,0,0,0,0,-1,11.6363,84.6562
5,"Matsuotoge",258,"オオシラビソ",NA,NA,NA,NA,NA,NA,8,NA,NA,NA,NA,NA,NA,3,11.2763,84.0662
5,"Matsuotoge",141,"オオシラビソ",17.3,17.9,18.2,19.5,19.8,20.5,22.2,3,4,4,4,4,4,4,11.5363,83.7562
5,"Matsuotoge",142,"オオシラビソ",40,35.9,35.8,33.4,32.1,27,22.5,0,0,0,0,0,0,0,17.3438,83.2178
5,"Matsuotoge",143,"オオシラビソ",41.4,41.6,41.7,41.9,41.6,40,39.5,1,1,0,0,0,0,0,19.0222,83.5756
5,"Matsuotoge",144,"オオシラビソ",42,42.2,42.6,43.1,43,43.5,43.8,4,5,5,5,4,4,4,18.8922,84.4256
5,"Matsuotoge",145,"オオシラビソ",46.5,47.5,47.8,49.5,50,51.3,54,5,5,5,5,5,5,5,22.5953,85.2726
5,"Matsuotoge",146,"オオシラビソ",35.8,36,36.3,36.9,36.7,37.9,38.3,4,5,5,5,5,5,5,26.0821,78.5706
5,"Matsuotoge",147,"オオシラビソ",45,44.8,45.2,44.9,44.7,45.5,45.6,4,5,4,5,4,5,5,26.9338,78.9235
5,"Matsuotoge",149,"オオシラビソ",44.5,44.8,45.3,45.8,46.2,46,45.7,5,5,5,5,4,4,0,32.6346,74.2232
5,"Matsuotoge",150,"オオシラビソ",38.8,39.7,39.8,40.1,40.7,41.3,42.9,5,5,5,5,5,5,5,36.2695,70.1864
5,"Matsuotoge",151,"オオシラビソ",39.8,39.9,40.2,40.1,40.2,40.3,41.1,3,5,4,4,3,3,3,38.5081,68.849
5,"Matsuotoge",152,"オオシラビソ",11.3,11.6,12,12.2,12.3,13.2,13.9,2,5,4,4,4,4,4,38.5233,68.1166
5,"Matsuotoge",231,"オオシラビソ",NA,NA,NA,NA,NA,9.1,NA,NA,NA,NA,NA,NA,4,-1,43.9418,66.6231
5,"Matsuotoge",153,"オオシラビソ",38.1,38.6,38.9,39.6,39.5,39.8,41.1,5,4,5,5,4,4,4,44.1818,64.6331
5,"Matsuotoge",154,"オオシラビソ",30.4,30.5,30.6,30.7,30.8,31,31,4,4,4,4,4,3,0,48.3061,60.9232
5,"Matsuotoge",155,"オオシラビソ",30.9,31.2,31.8,31.8,31.9,32.4,32.9,4,4,4,4,3,4,4,48.2061,62.3232
5,"Matsuotoge",156,"オオシラビソ",42,42.3,42.7,43.2,43.3,43.8,44.5,5,5,5,5,5,4,4,47.0724,65.8086
5,"Matsuotoge",157,"オオシラビソ",29.2,29.8,30.5,31.1,31.7,33.1,35.1,4,5,5,5,5,5,5,45.8726,70.1736
5,"Matsuotoge",158,"オオシラビソ",55.8,56.4,56.5,55.6,55.5,57,54.5,3,4,4,0,0,0,0,43.2346,74.1396
5,"Matsuotoge",159,"オオシラビソ",25.5,26.2,26.5,27.1,27.6,28.6,29.9,4,5,5,4,4,5,5,48.1789,74.4107
5,"Matsuotoge",160,"オオシラビソ",33.6,33.8,33.9,34.1,34.2,34.4,34.5,3,4,4,3,3,4,4,48.5836,75.4454
5,"Matsuotoge",161,"オオシラビソ",32,32.1,32.5,32.8,33,33.4,34.1,4,4,5,5,4,5,5,48.6996,78.7379
5,"Matsuotoge",162,"オオシラビソ",35.3,35.8,36.2,36.3,36.3,37,37.3,4,5,5,4,4,4,4,47.9426,79.7456
5,"Matsuotoge",163,"オオシラビソ",37.8,37.5,37.4,37.3,37.4,NA,NA,0,0,0,0,0,-1,-1,46.3054,80.2581
5,"Matsuotoge",164,"オオシラビソ",30.7,29,28.2,27,26.8,NA,NA,0,0,0,0,0,-1,-1,43.6221,80.3165
5,"Matsuotoge",165,"オオシラビソ",38.7,39.5,39.8,40.3,40.6,41.5,43.4,3,5,5,5,4,5,5,42.2237,80.9769
5,"Matsuotoge",166,"オオシラビソ",41.5,41.8,41.8,42.1,42.4,42.5,42.8,4,3,4,5,4,4,0,35.2511,84.0167
5,"Matsuotoge",167,"オオシラビソ",39.5,39.7,40.2,40.7,41.2,41.7,43.2,3,4,5,5,4,4,4,35.5748,85.01
5,"Matsuotoge",168,"オオシラビソ",13,13.1,13.2,13.2,13.2,13.4,13.7,3,2,2,3,3,3,3,34.6977,84.6977
5,"Matsuotoge",169,"オオシラビソ",48.3,48.5,48.6,48.5,48.8,48.9,49.2,4,4,4,4,4,5,4,33.4155,86.4471
5,"Matsuotoge",170,"オオシラビソ",18.2,18.8,19.2,20,20,20.5,NA,4,4,3,4,4,3,-1,30.9969,85.2312
5,"Matsuotoge",171,"オオシラビソ",36.5,37.41,37.9,38.7,39,40.3,42.6,3,4,5,5,5,5,5,13.6093,89.7206
5,"Matsuotoge",172,"オオシラビソ",10.1,10.85,11.1,12.5,13.5,14.7,16.3,3,4,4,4,4,5,4,9.50556,91.4758
5,"Matsuotoge",174,"オオシラビソ",9.6,9.7,10,10.2,10.4,11,11.5,2,3,2,3,3,3,3,2.43047,92.6781
5,"Matsuotoge",175,"オオシラビソ",36.3,37.2,37.9,38.9,39.6,40.5,42,4,4,5,5,4,5,5,1.9124,93.1228
5,"Matsuotoge",176,"オオシラビソ",29.6,30.6,31.5,32.1,33.2,34.7,36.9,3,4,4,4,4,5,5,14.2368,96.0877
5,"Matsuotoge",177,"オオシラビソ",36,36.5,37.1,37.2,38.2,39.1,40,4,5,5,5,4,5,4,14.6368,96.9877
5,"Matsuotoge",178,"オオシラビソ",35,35.4,35.3,NA,NA,NA,NA,3,0,-1,-1,-1,-1,-1,26.7314,91.068
5,"Matsuotoge",179,"オオシラビソ",33.8,32.9,33,33.5,NA,NA,NA,0,0,0,0,-1,-1,-1,27.9321,91.5929
5,"Matsuotoge",180,"オオシラビソ",29.7,30.1,30.6,31.3,31.6,32.2,33.6,5,5,5,5,5,5,5,28.4654,89.2925
5,"Matsuotoge",181,"オオシラビソ",37.2,38.2,39.1,39.6,40.1,41.8,43.4,4,5,5,5,5,5,4,29.789,91.3166
5,"Matsuotoge",182,"オオシラビソ",42,42.2,42.7,43.2,43.4,44,44.8,5,5,5,5,5,5,5,33.5069,94.3531
5,"Matsuotoge",183,"オオシラビソ",46.2,46.6,47.1,47.4,47.5,48.6,47.9,4,3,4,5,4,4,0,39.9833,90.9174
5,"Matsuotoge",184,"オオシラビソ",34.6,35.6,36.7,37.6,38,39.9,42.7,4,4,4,4,4,5,5,42.7832,94.1976
5,"Matsuotoge",185,"オオシラビソ",44.3,44.7,45.1,45.7,45.9,46.5,47.8,4,4,4,5,4,5,5,45.282,87.3811
5,"Matsuotoge",188,"オオシラビソ",40.1,41,42,42.8,43.5,45.1,46.5,5,5,5,5,5,5,5,38.9247,97.4023
5,"Matsuotoge",189,"オオシラビソ",12.5,12.6,12.8,12.9,12.8,NA,NA,3,4,3,3,3,-1,-1,33.2405,98.1497
5,"Matsuotoge",190,"オオシラビソ",37.1,37.5,38,38.5,38.9,39.9,40.9,5,4,5,4,4,5,5,31.0968,97.6455
5,"Matsuotoge",191,"オオシラビソ",25,26.3,27,28,28.5,30.1,31.4,5,4,4,4,4,4,4,26.1571,99.1137
5,"Matsuotoge",192,"オオシラビソ",47.6,47.3,47.3,47.2,48.3,44.2,40.5,0,0,0,0,0,0,0,25.3659,98.968
5,"Matsuotoge",193,"オオシラビソ",45.1,46.2,46.6,47.1,47.9,49.3,51.9,5,5,5,5,5,5,5,13.207,99.6318
5,"Matsuotoge",194,"オオシラビソ",19.8,20.5,20.5,22.1,22.7,24.1,26,4,5,4,5,5,5,5,4.17583,97.5989
5,"Matsuotoge",230,"オオシラビソ",NA,NA,NA,9.4,9.9,10.2,10.9,NA,NA,NA,4,4,4,4,2.89583,98.0189
6,"Mimatsu",1,"オオシラビソ",7.7,8.2,8.6,9.3,9.6,NA,NA,4,5,4,4,2,-1,4,45.2,-0.13
6,"Mimatsu",374,"オオシラビソ",NA,NA,NA,NA,NA,8.4,NA,NA,NA,NA,NA,NA,4,NA,49.79,3.59
6,"Mimatsu",26,"オオシラビソ",27.4,27.5,27.4,27.6,27.5,27.5,NA,4,2,2,2,2,2,2,44.7,3.9
6,"Mimatsu",25,"オオシラビソ",31.4,31.8,32.5,32.8,33.2,33.8,NA,5,4,4,4,5,4,4,43.02,4.69
6,"Mimatsu",24,"オオシラビソ",45.9,46.2,46.7,47.1,47.1,47.3,NA,5,4,4,4,4,4,4,41.96,3.9
6,"Mimatsu",23,"オオシラビソ",22.4,22.7,22.9,23.4,23.7,24.5,NA,5,4,4,3,3,3,4,41.79,5.98
6,"Mimatsu",22,"オオシラビソ",47.6,47.6,47.5,48.2,48.6,48.6,NA,99,4,4,3,4,3,4,40.41,9.49
6,"Mimatsu",27,"オオシラビソ",12.8,13.9,14,14.7,14.9,15.5,NA,3,4,3,4,3,3,3,44.77,13.77
6,"Mimatsu",376,"オオシラビソ",NA,NA,NA,NA,NA,8.5,NA,NA,NA,NA,NA,NA,5,NA,45.75,16.46
6,"Mimatsu",42,"オオシラビソ",11.7,12.8,13.3,14,14.7,15.4,NA,99,5,4,4,4,4,4,46.73,19.4
6,"Mimatsu",43,"オオシラビソ",18.4,19.6,20,21,22.4,24,NA,4,5,5,4,4,4,5,45.88,20.46
6,"Mimatsu",377,"オオシラビソ",NA,NA,NA,NA,NA,7.4,NA,NA,NA,NA,NA,NA,4,NA,40.18,17.25
6,"Mimatsu",28,"オオシラビソ",39.6,40.4,40.4,40.8,42,41.9,NA,5,4,4,3,4,3,4,39.21,15.98
6,"Mimatsu",340,"オオシラビソ",NA,NA,NA,NA,8.5,9.6,NA,NA,NA,NA,NA,4,4,NA,36.5,15.98
6,"Mimatsu",29,"オオシラビソ",9.3,10.4,10.6,10.7,NA,NA,NA,5,3,3,1,-1,-1,3,36.38,16.06
6,"Mimatsu",30,"オオシラビソ",9.1,9.5,9.9,10,10,10.1,NA,2,2,2,4,3,2,2,34.88,16.69
6,"Mimatsu",378,"オオシラビソ",NA,NA,NA,NA,NA,8.6,NA,NA,NA,NA,NA,NA,4,NA,35.63,17.07
6,"Mimatsu",31,"オオシラビソ",10.9,11.9,12.6,13.1,13.3,14.7,NA,5,4,4,4,4,4,4,35.03,17.03
6,"Mimatsu",32,"オオシラビソ",23,24.3,25,26,27.5,29.1,NA,5,3,3,4,4,5,3,34.33,16.13
6,"Mimatsu",33,"オオシラビソ",10.2,11.1,11.5,12.1,12.7,13.6,NA,4,4,3,4,4,4,3,33.85,14.9
6,"Mimatsu",21,"オオシラビソ",39.2,40,40.5,41.5,42,43,NA,5,4,5,5,5,5,5,33.17,7.34
6,"Mimatsu",3,"オオシラビソ",28,29,30,30.6,31.1,32.3,NA,5,5,5,5,5,4,5,32.55,3.88
6,"Mimatsu",4,"オオシラビソ",7.1,7.6,8,8.4,8.8,9.6,NA,4,4,4,4,4,4,4,32.97,2.91
6,"Mimatsu",5,"オオシラビソ",7.9,8.6,8.9,9.2,9.5,10.1,NA,5,5,4,3,4,4,4,32.35,1.85
6,"Mimatsu",6,"オオシラビソ",8.6,9.2,9.6,10,10.3,11,NA,5,5,5,4,4,4,5,32.03,0.02
6,"Mimatsu",20,"オオシラビソ",15.7,16.8,17.2,18.1,19.1,20.5,NA,5,5,4,4,5,4,4,30.54,5.8
6,"Mimatsu",7,"オオシラビソ",54.5,55.6,NA,NA,NA,NA,NA,3,0,-1,-1,-1,-1,-1,27.64,7.24
6,"Mimatsu",8,"オオシラビソ",46.3,NA,NA,NA,NA,NA,NA,0,-1,-1,-1,-1,-1,-1,22.46,6.85
6,"Mimatsu",9,"オオシラビソ",10,11,12,12.8,12.7,12.7,NA,4,5,5,3,3,2,5,22.91,6.25
6,"Mimatsu",10,"オオシラビソ",32,31.5,32,32.4,35.6,NA,NA,0,0,0,0,0,-1,0,22.71,6.84
6,"Mimatsu",11,"オオシラビソ",36.8,36.8,36.6,36.7,37.9,37.7,NA,5,3,3,3,3,3,3,22.54,5.85
6,"Mimatsu",12,"オオシラビソ",18.6,18.9,NA,NA,NA,NA,NA,4,5,-1,-1,-1,-1,-1,21.28,5.08
6,"Mimatsu",19,"オオシラビソ",36.6,36.9,37.7,37.7,37.9,38.5,NA,5,3,3,3,3,3,3,18.51,8.15
6,"Mimatsu",13,"オオシラビソ",8.8,10.1,NA,NA,NA,NA,NA,5,5,-1,-1,-1,-1,-1,15.64,1.62
6,"Mimatsu",379,"オオシラビソ",NA,NA,NA,NA,NA,8.9,NA,NA,NA,NA,NA,NA,4,NA,-0.31,0.96
6,"Mimatsu",15,"オオシラビソ",11.9,14.2,16.5,18.5,21.2,25.2,NA,5,5,5,4,5,5,5,-0.91,2.76
6,"Mimatsu",16,"オオシラビソ",9.9,9.4,9.9,10.5,11.2,12.3,NA,5,5,4,5,5,4,4,6.35,13.69
6,"Mimatsu",18,"オオシラビソ",39.7,40.9,41.1,41.7,42.8,43.9,NA,5,4,4,4,4,4,4,14.12,11.52
6,"Mimatsu",37,"オオシラビソ",48.1,48.1,48.4,49.2,49.3,49.8,NA,5,4,4,4,5,4,4,12.39,14.38
6,"Mimatsu",38,"オオシラビソ",36.1,35.9,36.4,36.7,37,36.5,NA,3,3,4,2,0,0,4,15.77,14.46
6,"Mimatsu",40,"オオシラビソ",12.9,13.4,13.7,14.1,14.4,15.4,NA,4,4,4,3,4,4,4,16.7,13.9
6,"Mimatsu",35,"オオシラビソ",20.4,20.7,20.9,21.2,21.8,23.2,NA,4,5,4,4,4,4,4,19.56,11.5
6,"Mimatsu",36,"オオシラビソ",51,51,51,51,51.1,50.5,NA,5,3,3,1,0,0,3,20.14,12.52
6,"Mimatsu",39,"オオシラビソ",16.4,16.9,17.4,17.5,18.4,19.4,NA,3,3,4,3,4,3,4,21.08,15.59
6,"Mimatsu",41,"オオシラビソ",29.6,30.4,31.1,32,32.5,34,NA,5,5,4,4,5,4,4,22.11,15.26
6,"Mimatsu",34,"オオシラビソ",46.8,NA,NA,NA,NA,NA,NA,2,-1,-1,-1,-1,-1,-1,25.01,14.94
6,"Mimatsu",45,"オオシラビソ",16.2,16.9,17.4,18.1,18.9,20.2,NA,4,5,4,3,4,4,4,26.65,20.05
6,"Mimatsu",44,"オオシラビソ",15.2,14.9,14.4,14.4,NA,NA,NA,0,0,0,0,-1,-1,0,27.39,20.22
6,"Mimatsu",61,"オオシラビソ",11.9,12.3,12.7,13.4,14.1,15.4,NA,99,5,5,5,5,3,5,27.52,22.92
6,"Mimatsu",78,"オオシラビソ",27.5,NA,NA,NA,NA,NA,NA,0,-1,-1,-1,-1,-1,-1,26.89,26.99
6,"Mimatsu",79,"オオシラビソ",14.4,15.5,16.4,17.4,18.3,18.7,NA,5,5,5,4,4,1,5,24.23,24.84
6,"Mimatsu",59,"オオシラビソ",15.8,17.1,17.8,18.7,19.7,21.1,NA,5,5,5,4,5,5,5,25.34,22.36
6,"Mimatsu",57,"オオシラビソ",29.2,30.3,31,31.9,32.8,34,NA,3,3,3,3,4,3,3,21.79,22.29
6,"Mimatsu",56,"オオシラビソ",11.6,11.9,12,12.2,12.5,13,NA,2,3,3,4,3,3,3,21.55,22.45
6,"Mimatsu",297,"オオシラビソ",NA,NA,NA,8.5,8.8,9.4,NA,NA,NA,NA,4,4,4,NA,19.27,21.64
6,"Mimatsu",55,"オオシラビソ",10.4,10.8,11.1,11.6,12,12.5,NA,3,4,4,4,4,4,4,18.7,22.88
6,"Mimatsu",54,"オオシラビソ",22,22.7,23.1,23.8,24.3,25.7,NA,4,5,4,4,5,4,4,14.05,21.68
6,"Mimatsu",53,"オオシラビソ",24.1,24.6,24.8,25.6,25.5,26,NA,3,3,3,4,3,3,3,10.82,20.7
6,"Mimatsu",52,"オオシラビソ",21.5,22.3,22.2,22.8,23.1,23.7,NA,4,3,3,3,4,4,3,10.83,19.75
6,"Mimatsu",296,"オオシラビソ",NA,NA,NA,9,8.9,9.3,NA,NA,NA,NA,4,4,4,NA,9.44,18.38
6,"Mimatsu",49,"オオシラビソ",23.2,23.7,24,24.5,25.2,26,NA,3,4,4,4,4,4,4,7.81,16.66
6,"Mimatsu",50,"オオシラビソ",39.7,40.4,41,42,43.2,44.5,NA,5,5,5,4,4,4,5,6.07,18.05
6,"Mimatsu",51,"オオシラビソ",14.1,14.7,15.1,15.8,16.4,17.5,NA,2,3,4,4,4,4,4,3.25,20.29
6,"Mimatsu",83,"オオシラビソ",36,36.3,36.8,37.8,39.1,NA,NA,5,4,4,4,5,-1,4,0.12,23.86
6,"Mimatsu",81,"オオシラビソ",64.4,65.2,64.7,65.5,65.6,65.6,NA,5,5,4,3,3,2,4,3.37,24.68
6,"Mimatsu",82,"オオシラビソ",12.4,12.9,13.2,NA,NA,NA,NA,3,2,1,-1,-1,-1,1,3.85,24.72
6,"Mimatsu",84,"オオシラビソ",29.7,31.3,31.5,32.5,33.7,35,NA,5,5,5,5,5,5,5,4.9,28.79
6,"Mimatsu",85,"オオシラビソ",39.2,39.9,40.6,41.2,41.9,42.7,NA,5,5,4,3,3,3,4,8.91,26.09
6,"Mimatsu",86,"オオシラビソ",33.3,33.6,34.3,34.3,34.2,34.4,NA,5,4,4,3,3,3,4,9.83,26.26
6,"Mimatsu",87,"オオシラビソ",11.5,11.8,12.1,12.2,12.5,NA,NA,4,4,4,3,3,-1,4,12.42,25.67
6,"Mimatsu",80,"オオシラビソ",36.6,37.5,38.1,39.1,39.4,40.9,NA,5,5,5,5,5,5,5,14.69,23.88
6,"Mimatsu",88,"オオシラビソ",31,29.8,28.7,30,NA,NA,NA,0,0,0,0,-1,-1,0,14.79,28.48
6,"Mimatsu",90,"オオシラビソ",12.3,13.1,13.2,13.6,14.2,15,NA,99,5,4,4,4,4,4,20.56,28.31
6,"Mimatsu",106,"オオシラビソ",27.4,28.4,29.4,30.5,30.9,32.1,NA,5,5,4,5,5,5,4,20.38,29.88
6,"Mimatsu",93,"オオシラビソ",12.7,13.2,13.7,14.5,14.9,15.7,NA,4,5,5,5,5,4,5,26.74,30.95
6,"Mimatsu",77,"オオシラビソ",9.1,10.2,11.3,12.2,13.4,15.4,NA,5,5,5,5,5,5,5,29.58,28.64
6,"Mimatsu",75,"オオシラビソ",13.6,14.3,14.7,15.4,16.5,17.8,NA,4,5,4,4,4,4,4,34.3,27.74
6,"Mimatsu",74,"オオシラビソ",9.7,9.8,9.8,9.9,10,10.2,NA,4,4,4,4,3,2,4,34.16,27.14
6,"Mimatsu",385,"オオシラビソ",NA,NA,NA,NA,NA,7.5,NA,NA,NA,NA,NA,NA,3,NA,37.98,21.79
6,"Mimatsu",62,"オオシラビソ",34.8,34.9,35.4,35.7,36.1,36.5,NA,5,5,4,5,5,5,4,38.66,22.78
6,"Mimatsu",63,"オオシラビソ",35.7,36.7,37.5,38.2,39.8,39.8,NA,5,4,4,4,4,4,4,38.87,22.99
6,"Mimatsu",64,"オオシラビソ",12.2,12.6,12.9,13.4,13.8,14.3,NA,99,5,5,3,4,4,5,43.24,23.41
6,"Mimatsu",65,"オオシラビソ",20.4,21,22.7,24.2,24.9,26.6,NA,5,5,4,4,5,5,4,43.85,24.99
6,"Mimatsu",298,"オオシラビソ",NA,NA,NA,8.3,8.7,8.8,NA,NA,NA,NA,4,3,2,NA,47.22,23.69
6,"Mimatsu",66,"オオシラビソ",9,9.3,9.2,9.6,9.9,9.9,NA,99,3,3,2,2,2,3,47,25.39
6,"Mimatsu",68,"オオシラビソ",15.4,16.4,17,18.3,19.3,20.9,NA,4,4,5,4,5,5,5,47.65,27.87
6,"Mimatsu",69,"オオシラビソ",17.4,18.3,19,19.8,20.7,22.3,NA,5,5,5,4,5,5,5,47.33,29.03
6,"Mimatsu",96,"オオシラビソ",9.3,9.9,10.7,11.8,12.8,14.7,NA,4,5,5,5,5,5,5,44.11,29.47
6,"Mimatsu",70,"オオシラビソ",13.2,13.2,NA,NA,NA,NA,NA,99,1,-1,-1,-1,-1,-1,43.85,28.37
6,"Mimatsu",71,"オオシラビソ",12.6,13.9,14.5,15.1,16.4,17.9,NA,4,5,4,5,4,3,4,41.5,27.35
6,"Mimatsu",72,"オオシラビソ",8,8.8,9.5,10.6,11.1,11.6,NA,5,5,5,5,3,4,5,40.59,29.76
6,"Mimatsu",73,"オオシラビソ",17.4,18.2,18.8,19.6,20.4,21.4,NA,4,5,5,5,5,5,5,37.94,28.27
6,"Mimatsu",386,"オオシラビソ",NA,NA,NA,NA,NA,7.2,NA,NA,NA,NA,NA,NA,4,NA,36.17,31.05
6,"Mimatsu",387,"オオシラビソ",NA,NA,NA,NA,NA,7.6,NA,NA,NA,NA,NA,NA,5,NA,37.32,32.42
6,"Mimatsu",94,"オオシラビソ",8.9,9.7,10.1,10.4,10.5,10.9,NA,4,4,4,4,4,4,4,38.75,30.1
6,"Mimatsu",95,"オオシラビソ",10.1,10.5,11,11.4,12.5,13.4,NA,5,5,5,5,5,5,5,41.02,32.65
6,"Mimatsu",98,"オオシラビソ",10.4,11.2,11.9,12.7,13.6,14.1,NA,5,5,5,4,5,4,5,45,32.07
6,"Mimatsu",97,"オオシラビソ",9,9.7,10.2,10.9,11.1,11.8,NA,4,5,4,4,4,4,4,46.99,31.71
6,"Mimatsu",100,"オオシラビソ",10.5,11.4,12,12.8,13.7,15.2,NA,4,5,4,4,5,5,4,42.91,38.47
6,"Mimatsu",101,"オオシラビソ",13,13.4,13.4,14,14.2,14.8,NA,4,5,4,4,4,4,4,42.15,39.05
6,"Mimatsu",343,"オオシラビソ",NA,NA,NA,NA,7.6,8.7,NA,NA,NA,NA,NA,5,5,NA,41.37,39.21
6,"Mimatsu",301,"オオシラビソ",NA,NA,NA,7.5,8.2,9.2,NA,NA,NA,NA,5,5,4,NA,44.54,39.21
6,"Mimatsu",99,"オオシラビソ",12.3,NA,NA,NA,NA,NA,NA,4,-1,-1,-1,-1,-1,-1,45.9,38.92
6,"Mimatsu",122,"オオシラビソ",13.8,14.8,15.9,17.1,18.2,19.7,NA,5,5,4,5,4,4,4,49.16,41.35
6,"Mimatsu",142,"オオシラビソ",17,17.6,18.3,18.8,20,20.8,NA,4,5,5,4,5,4,5,49.16,45.15
6,"Mimatsu",143,"オオシラビソ",17.7,18.2,18.9,19.7,20.5,NA,NA,4,4,5,5,5,-1,5,48.68,46.15
6,"Mimatsu",310,"オオシラビソ",NA,NA,NA,8.8,9.2,9.8,NA,NA,NA,NA,5,4,5,NA,45.25,42.49
6,"Mimatsu",311,"オオシラビソ",NA,NA,NA,7.9,8.3,9.1,NA,NA,NA,NA,4,4,4,NA,44.44,42.91
6,"Mimatsu",123,"オオシラビソ",11.9,12.2,12.5,NA,NA,NA,NA,4,4,4,-1,-1,-1,4,41.69,43.36
6,"Mimatsu",124,"オオシラビソ",16.9,17.3,17.8,18.8,19.5,NA,NA,5,5,5,4,4,-1,5,40.62,43.69
6,"Mimatsu",313,"オオシラビソ",NA,NA,NA,8.8,9.2,9.6,NA,NA,NA,NA,4,4,4,NA,42.32,45.55
6,"Mimatsu",314,"オオシラビソ",NA,NA,NA,8.7,9.3,10.3,NA,NA,NA,NA,5,5,5,NA,41.21,45.57
6,"Mimatsu",312,"オオシラビソ",NA,NA,NA,7.9,8,8.2,NA,NA,NA,NA,4,3,3,NA,39.29,44.87
6,"Mimatsu",126,"オオシラビソ",15.5,16.7,17.6,18.7,19.4,20.9,NA,5,5,5,4,5,5,5,39.04,44.92
6,"Mimatsu",125,"オオシラビソ",11.9,12.4,13.1,13.7,13.8,14.5,NA,3,5,4,4,4,3,4,36.33,41.99
6,"Mimatsu",102,"オオシラビソ",8.3,9.3,10,NA,NA,NA,NA,4,5,5,-1,-1,-1,5,32.83,38.28
6,"Mimatsu",103,"オオシラビソ",14.3,15.7,16.9,18.6,20.3,23,NA,5,5,5,5,5,5,5,28.2,40.61
6,"Mimatsu",104,"オオシラビソ",13,13.6,13.9,14.4,15,15.7,NA,2,3,3,3,4,4,3,27.81,41.72
6,"Mimatsu",105,"オオシラビソ",26.7,26.3,25.9,24.7,24.6,24.5,NA,0,0,0,0,0,0,0,27.83,41.8
6,"Mimatsu",302,"オオシラビソ",NA,NA,NA,9.5,9.8,NA,NA,NA,NA,NA,4,3,-1,NA,26.14,39.3
6,"Mimatsu",309,"オオシラビソ",NA,NA,10.5,11,11.1,11.5,NA,NA,NA,4,4,4,4,4,23.24,39.58
6,"Mimatsu",121,"オオシラビソ",24.6,25.2,25.6,26.4,NA,NA,NA,4,4,3,3,-1,-1,3,22.05,39.72
6,"Mimatsu",120,"オオシラビソ",24,NA,NA,NA,NA,NA,NA,2,-1,-1,-1,-1,-1,-1,21.22,41.07
6,"Mimatsu",119,"オオシラビソ",28.5,NA,NA,NA,NA,NA,NA,5,-1,-1,-1,-1,-1,-1,20.9,39.53
6,"Mimatsu",303,"オオシラビソ",NA,NA,NA,9.4,10.2,11.3,NA,NA,NA,NA,4,5,5,NA,23.84,37.12
6,"Mimatsu",107,"オオシラビソ",24.9,26.2,26.6,27.8,28.8,30.2,NA,5,5,4,5,5,4,4,21.56,34.45
6,"Mimatsu",344,"オオシラビソ",NA,NA,NA,NA,9.5,9.6,NA,NA,NA,NA,NA,4,3,NA,21.19,34.12
6,"Mimatsu",108,"オオシラビソ",31,31.6,31.8,32.3,32.4,32.4,NA,4,5,2,3,2,0,2,20.18,34.73
6,"Mimatsu",109,"オオシラビソ",20.9,21.3,21.6,22.6,23.2,24.2,NA,5,5,4,4,4,4,4,18.66,34.25
6,"Mimatsu",304,"オオシラビソ",NA,NA,NA,8.2,8.6,8.2,NA,NA,NA,NA,4,0,0,NA,18.85,32.37
6,"Mimatsu",305,"オオシラビソ",NA,NA,NA,9.4,9.9,10.5,NA,NA,NA,NA,5,4,4,NA,17.56,32.06
6,"Mimatsu",306,"オオシラビソ",NA,NA,NA,10.3,11,11.7,NA,NA,NA,NA,4,4,4,NA,16.89,33.08
6,"Mimatsu",111,"オオシラビソ",18.7,19.3,19.6,20.5,21.2,22.3,NA,4,5,3,4,4,4,3,15.69,34.76
6,"Mimatsu",112,"オオシラビソ",31.5,32.7,33.4,34.1,34.6,35.5,NA,5,5,5,4,5,4,5,13.04,34.63
6,"Mimatsu",307,"オオシラビソ",NA,NA,NA,8.2,8.4,8.7,NA,NA,NA,NA,4,3,3,NA,14.22,32.77
6,"Mimatsu",308,"オオシラビソ",28.9,29.5,30.4,31,32,33,NA,5,5,5,4,4,4,5,7.13,32.67
6,"Mimatsu",115,"オオシラビソ",25.6,26.4,26.9,27.9,27.9,28.7,NA,5,5,4,4,5,4,4,7.35,32.91
6,"Mimatsu",114,"オオシラビソ",15.5,15.7,16.1,16.1,16.7,16.7,NA,5,3,3,3,4,4,3,8.49,34.47
6,"Mimatsu",113,"オオシラビソ",38.6,39,39.5,40.1,41,40.9,NA,5,5,4,3,4,2,4,12.35,36.16
6,"Mimatsu",118,"オオシラビソ",15.6,16.8,NA,NA,NA,NA,NA,3,4,-1,-1,-1,-1,-1,14.94,38.84
6,"Mimatsu",390,"オオシラビソ",NA,NA,NA,NA,NA,7.8,NA,NA,NA,NA,NA,NA,4,NA,17.94,38.17
6,"Mimatsu",345,"オオシラビソ",NA,NA,NA,NA,8.6,9.6,NA,NA,NA,NA,NA,5,5,NA,18.53,39.66
6,"Mimatsu",347,"オオシラビソ",NA,NA,NA,NA,10.2,11,NA,NA,NA,NA,NA,5,3,NA,15.02,41.76
6,"Mimatsu",117,"オオシラビソ",12.1,13.1,13.1,13.4,13.5,13.5,NA,4,5,4,2,2,2,4,10.26,38.62
6,"Mimatsu",131,"オオシラビソ",32.2,33.7,34.3,35.1,36,37.9,NA,5,5,5,5,5,5,5,2.9,43.9
6,"Mimatsu",132,"オオシラビソ",38,38.2,39.3,39.5,40.3,40.8,NA,5,5,5,5,5,4,5,2.52,46.65
6,"Mimatsu",163,"オオシラビソ",20.9,21.3,21.9,22,22.5,23.4,NA,5,5,4,3,4,4,4,6.04,50.6
6,"Mimatsu",162,"オオシラビソ",38.9,39.2,39.6,40,40.3,41.1,NA,5,4,4,3,3,4,4,7.65,50.86
6,"Mimatsu",161,"オオシラビソ",12.4,13.1,13.7,14.2,15,16.2,NA,3,4,3,4,5,4,3,8.23,49.87
6,"Mimatsu",160,"オオシラビソ",20.9,21.7,22.4,22.9,23.5,24.6,NA,4,3,4,4,4,4,4,12.56,51.32
6,"Mimatsu",159,"オオシラビソ",17.5,18,18,18.8,18.6,19,NA,3,4,3,3,3,3,3,12.45,52.17
6,"Mimatsu",158,"オオシラビソ",29.2,30.1,30.8,31.3,31.8,32.7,NA,5,5,4,4,3,4,4,14.56,53.32
6,"Mimatsu",157,"オオシラビソ",11.8,12.6,13.1,13.6,14.1,14.7,NA,4,5,4,4,5,4,4,15.85,52.74
6,"Mimatsu",156,"オオシラビソ",20.8,20.8,20.9,21,21.1,NA,NA,3,4,3,2,2,-1,3,16.16,54.28
6,"Mimatsu",155,"オオシラビソ",9.4,9.8,10.5,10.8,11.7,12.5,NA,5,5,5,4,5,4,5,19.32,54.13
6,"Mimatsu",350,"オオシラビソ",NA,NA,NA,NA,8.3,9.2,NA,NA,NA,NA,NA,5,5,NA,22.43,50.69
6,"Mimatsu",136,"オオシラビソ",22.1,23.2,24.1,24.9,25.4,26.1,NA,5,5,4,3,2,1,4,21.11,51.41
6,"Mimatsu",135,"オオシラビソ",16.4,17.2,17.9,18.7,19,20.3,NA,5,5,5,5,5,4,5,18.51,50.42
6,"Mimatsu",133,"オオシラビソ",41.1,41.3,41.7,41.7,41.6,41.9,NA,5,4,4,3,3,3,4,14.6,47.2
6,"Mimatsu",134,"オオシラビソ",25.7,26.8,27.4,27.7,28.2,29.1,NA,4,4,5,4,4,4,5,14.45,46.35
6,"Mimatsu",391,"オオシラビソ",NA,NA,NA,NA,NA,8.3,NA,NA,NA,NA,NA,NA,4,NA,15.19,46.66
6,"Mimatsu",129,"オオシラビソ",11.3,11.9,12.1,12.6,12.9,13.6,NA,5,5,5,5,5,4,5,21.83,43.84
6,"Mimatsu",128,"オオシラビソ",33,34.1,35.2,35.9,37.3,38.2,NA,99,5,5,5,4,4,5,20.8,45.74
6,"Mimatsu",320,"オオシラビソ",NA,NA,NA,9.1,9,9.1,NA,NA,NA,NA,3,3,3,NA,24.79,48.78
6,"Mimatsu",137,"オオシラビソ",8.9,10,10.6,11.3,11.8,NA,NA,5,5,4,4,4,-1,4,24.82,50.73
6,"Mimatsu",138,"オオシラビソ",11.9,12,NA,NA,NA,NA,NA,5,4,-1,-1,-1,-1,-1,25.57,50.4
6,"Mimatsu",139,"オオシラビソ",17.4,18.5,19,19.7,20.4,21.6,NA,5,5,4,5,3,3,4,26.03,49.88
6,"Mimatsu",140,"オオシラビソ",9.4,9.7,9.9,10.5,11.1,11.8,NA,4,4,4,5,4,5,4,27.68,51.45
6,"Mimatsu",319,"オオシラビソ",NA,NA,NA,9,9.4,10.3,NA,NA,NA,NA,4,4,4,NA,27.08,49.42
6,"Mimatsu",321,"オオシラビソ",NA,NA,NA,10,NA,NA,NA,NA,NA,NA,3,-1,-1,NA,26.77,47.33
6,"Mimatsu",322,"オオシラビソ",NA,NA,NA,8.9,9.4,10.2,NA,NA,NA,NA,4,4,4,NA,28.28,46.73
6,"Mimatsu",127,"オオシラビソ",19.9,21.3,22.3,23.2,24.6,NA,NA,5,5,5,4,4,-1,5,27.1,45.13
6,"Mimatsu",141,"オオシラビソ",12.1,12.4,12.7,13.3,13.5,14.5,NA,99,5,4,4,4,4,4,30.43,44.51
6,"Mimatsu",316,"オオシラビソ",NA,NA,NA,7,7.4,8.3,NA,NA,NA,NA,5,5,5,NA,35.05,45.23
6,"Mimatsu",315,"オオシラビソ",NA,NA,NA,10.5,11.3,12.8,NA,NA,NA,NA,5,5,5,NA,35.04,47.77
6,"Mimatsu",150,"オオシラビソ",57,57.4,57.8,57.9,57.8,NA,NA,0,0,0,0,0,-1,0,40.14,56.39
6,"Mimatsu",149,"オオシラビソ",26.2,27.6,28.5,29,30,32.4,NA,5,5,5,4,4,4,5,40.96,54.82
6,"Mimatsu",148,"オオシラビソ",42.1,41.4,41.4,42.1,39.7,40.7,NA,0,0,0,0,0,0,0,44.03,53.76
6,"Mimatsu",147,"オオシラビソ",26,27,27.5,28.4,29,30.3,NA,5,5,4,4,4,4,4,43.86,53.04
6,"Mimatsu",146,"オオシラビソ",32.3,33,33.9,34.6,35.2,36.4,NA,4,4,4,4,3,4,4,45.05,51.39
6,"Mimatsu",145,"オオシラビソ",31,NA,NA,NA,NA,NA,NA,3,-1,-1,-1,-1,-1,-1,45.58,49.7
6,"Mimatsu",144,"オオシラビソ",38.5,NA,NA,NA,NA,NA,NA,3,-1,-1,-1,-1,-1,-1,46.83,50.02
6,"Mimatsu",180,"オオシラビソ",8.4,8.4,8.8,9.2,9.4,10,NA,3,4,3,3,3,3,3,47.92,51.65
6,"Mimatsu",179,"オオシラビソ",14.8,15.5,15.7,15.9,16.3,17.2,NA,5,5,3,4,3,2,3,48.68,51.46
6,"Mimatsu",178,"オオシラビソ",12,13.3,13.6,14.3,14.7,15.8,NA,3,4,4,4,4,5,4,49.34,51.4
6,"Mimatsu",183,"オオシラビソ",12.9,13.6,14,14.5,NA,NA,NA,4,4,4,2,-1,-1,4,47.78,53.63
6,"Mimatsu",182,"オオシラビソ",13.2,NA,NA,NA,NA,NA,NA,3,-1,-1,-1,-1,-1,-1,49.38,54.76
6,"Mimatsu",181,"オオシラビソ",19.2,19.8,20.3,20.5,20.4,20.7,NA,4,3,4,4,3,4,4,49.95,54.07
6,"Mimatsu",184,"オオシラビソ",28.4,28.6,28.7,28.6,28.8,NA,NA,3,3,2,2,0,-1,2,48.89,56.48
6,"Mimatsu",185,"オオシラビソ",34.5,35.1,35.4,35.9,36.4,37,NA,99,4,4,4,3,3,4,47.87,62.69
6,"Mimatsu",186,"オオシラビソ",39.8,39.8,NA,NA,NA,NA,NA,0,0,-1,-1,-1,-1,-1,47.56,62.88
6,"Mimatsu",187,"オオシラビソ",43,43.3,44.5,45,45.5,46.3,NA,99,3,3,3,3,3,3,45.26,62.85
6,"Mimatsu",177,"オオシラビソ",15.4,16.2,16.7,17.3,18.1,19,NA,99,4,4,3,4,4,4,41.61,59.89
6,"Mimatsu",176,"オオシラビソ",27.4,28.3,29.1,29.6,30.4,31.3,NA,99,4,4,3,3,4,4,40.61,61.24
6,"Mimatsu",151,"オオシラビソ",49.7,50.5,51.3,50.8,51.3,51.5,NA,3,2,2,3,2,3,2,33.14,57.36
6,"Mimatsu",153,"オオシラビソ",32.1,32.6,33.1,33.5,33.7,34.8,NA,5,4,5,4,4,4,5,28.11,55.82
6,"Mimatsu",152,"オオシラビソ",44.3,44.4,44.2,NA,NA,NA,NA,5,0,0,-1,-1,-1,0,28.49,57.14
6,"Mimatsu",173,"オオシラビソ",26.4,26.8,27.2,27.3,27.4,27.5,NA,99,5,4,2,2,2,4,24.42,61
6,"Mimatsu",154,"オオシラビソ",48.5,48.3,48.3,49,49.7,50.5,NA,4,4,3,3,2,2,3,24.3,57.89
6,"Mimatsu",172,"オオシラビソ",29.3,30.2,30.7,31.5,32.2,33.5,NA,99,5,4,4,3,4,4,16.36,56.98
6,"Mimatsu",170,"オオシラビソ",32.9,33.8,34.5,35.1,36,37.3,NA,99,5,5,4,4,4,5,12.5,58.1
6,"Mimatsu",171,"オオシラビソ",38.9,39.1,39.5,39.5,39.7,39.7,NA,99,4,3,2,0,0,3,11.82,59.27
6,"Mimatsu",325,"オオシラビソ",10.5,10.6,10.7,10.8,11.2,11.4,NA,99,4,3,4,3,3,3,11.73,59.63
6,"Mimatsu",237,"オオシラビソ",6.7,7.2,7.4,7.5,7.8,8.3,NA,99,4,4,4,3,3,4,5.85,59.49
6,"Mimatsu",169,"オオシラビソ",23.7,24.6,25.2,25.5,26.8,27.6,NA,99,5,5,5,4,4,5,4.11,59.17
6,"Mimatsu",168,"オオシラビソ",18.9,20,20.5,20.9,21.4,22.4,NA,99,4,4,4,4,4,4,3.09,58.02
6,"Mimatsu",166,"オオシラビソ",11.2,11.5,11.6,11.8,12.1,12.4,NA,99,4,3,3,3,3,3,2.78,57.52
6,"Mimatsu",165,"オオシラビソ",10.4,10.9,11.2,11.4,11.7,12.1,NA,99,4,3,4,4,4,3,2.86,56.89
6,"Mimatsu",164,"オオシラビソ",12,12.7,13.2,13.2,13.7,14.4,NA,99,3,3,4,4,4,3,0.13,54.36
6,"Mimatsu",167,"オオシラビソ",23,24.2,24.5,25.4,25.9,27.2,NA,99,5,4,4,4,4,4,-0.19,54.71
6,"Mimatsu",234,"オオシラビソ",10.7,10.9,11,11.5,NA,NA,NA,99,4,4,4,-1,-1,4,0.66,59.57
6,"Mimatsu",235,"オオシラビソ",7,7.3,7.3,7.6,7.7,8.1,NA,99,4,3,3,3,3,3,1.76,61.28
6,"Mimatsu",236,"オオシラビソ",47.4,47.9,48.9,48.6,49,49.5,NA,99,4,5,3,3,4,5,1.97,61.97
6,"Mimatsu",254,"オオシラビソ",25.6,26.2,27,27.4,27.5,28.7,NA,99,4,4,3,4,4,4,4.97,61.93
6,"Mimatsu",253,"オオシラビソ",35.4,35.4,35.5,35.6,35.5,35.1,NA,0,0,0,0,0,0,0,6.22,62.49
6,"Mimatsu",252,"オオシラビソ",18.6,19.4,20.2,20.4,21.1,22.4,NA,99,5,4,2,3,3,4,7.6,62.11
6,"Mimatsu",255,"オオシラビソ",28.7,30.1,30.6,31.1,31.8,33.5,NA,4,4,4,4,4,4,4,4.34,68.01
6,"Mimatsu",333,"オオシラビソ",NA,NA,10.2,10.6,11.2,11.2,NA,NA,NA,4,3,3,3,4,6.37,68.59
6,"Mimatsu",256,"オオシラビソ",35,35.4,37,36.7,36.5,NA,NA,3,3,3,2,1,-1,3,6.46,68.85
6,"Mimatsu",257,"オオシラビソ",9.6,10.3,11.1,11.9,12.5,NA,NA,4,4,3,4,4,-1,3,8.22,69.86
6,"Mimatsu",258,"オオシラビソ",35,35.4,35.8,36.1,37,NA,NA,3,3,4,5,5,-1,4,7.67,70.87
6,"Mimatsu",259,"オオシラビソ",19.6,19.8,19.9,20.2,20.4,20.8,NA,4,4,3,2,2,2,3,12.57,69.24
6,"Mimatsu",260,"オオシラビソ",22.8,23.8,24.6,25.5,26,27.6,NA,4,4,4,4,4,4,4,12.89,68.77
6,"Mimatsu",261,"オオシラビソ",20.2,20.6,21,21.2,22,22.9,NA,4,4,3,3,3,3,3,13.12,69.17
6,"Mimatsu",248,"オオシラビソ",10.1,10.5,10.6,10.8,11.1,11.1,NA,99,4,3,4,2,3,3,15.35,65.35
6,"Mimatsu",249,"オオシラビソ",34.3,34.5,34.5,34,34.5,NA,NA,0,0,0,0,0,-1,0,14.73,65.25
6,"Mimatsu",238,"オオシラビソ",26.3,27.5,28.3,29.1,29.8,31.4,NA,99,5,5,4,4,4,5,13.69,64.19
6,"Mimatsu",239,"オオシラビソ",6.2,6.5,6.6,6.9,6.9,7.2,NA,99,3,3,3,3,3,3,14.8,63.32
6,"Mimatsu",240,"オオシラビソ",6.5,6.8,7,6.9,7.4,7.7,NA,99,3,3,3,3,3,3,16.13,63.02
6,"Mimatsu",241,"オオシラビソ",26.4,28,28.3,29,29.8,31.1,NA,99,5,5,4,2,3,5,16.44,63.48
6,"Mimatsu",242,"オオシラビソ",35.6,36.5,37.7,38.4,38.7,40.4,NA,99,5,5,4,3,4,5,20.18,66.44
6,"Mimatsu",244,"オオシラビソ",12,12.7,13.2,14,15.1,16.2,NA,99,4,4,3,3,3,4,24.62,65.64
6,"Mimatsu",190,"オオシラビソ",8.9,9.4,9.9,10.4,10.9,11.8,NA,99,5,4,5,5,5,4,25.66,66.55
6,"Mimatsu",191,"オオシラビソ",9.5,9.7,10.2,10.4,10.8,11.5,NA,99,3,3,3,3,3,3,26.92,68.11
6,"Mimatsu",192,"オオシラビソ",38.9,40.8,41.7,42.9,43.6,45.9,NA,99,5,5,5,5,5,5,27.62,68.86
6,"Mimatsu",193,"オオシラビソ",58,58,NA,NA,NA,NA,NA,0,0,-1,-1,-1,-1,-1,27.49,70.58
6,"Mimatsu",214,"オオシラビソ",8.2,8.4,8.4,NA,NA,NA,NA,99,3,2,-1,-1,-1,2,34.81,71.42
6,"Mimatsu",215,"オオシラビソ",16.8,17.6,18.1,18.7,19.5,20.2,NA,99,3,3,3,3,3,3,34.22,70.16
6,"Mimatsu",194,"オオシラビソ",42.4,43.6,44.6,45.3,46.2,47.7,NA,99,4,4,5,4,4,4,33.52,66.6
6,"Mimatsu",195,"オオシラビソ",6.3,6.6,6.9,7,7.1,7.3,NA,99,3,3,3,3,2,3,35.52,66.93
6,"Mimatsu",211,"オオシラビソ",7.3,7.7,8,8.5,8.9,9.4,NA,99,4,4,4,3,3,4,41.61,72.76
6,"Mimatsu",201,"オオシラビソ",7,7.2,7.4,NA,NA,NA,NA,99,4,1,-1,-1,-1,1,50.79,67.76
6,"Mimatsu",203,"オオシラビソ",25.2,26.1,27,27.2,28.1,29.2,NA,99,4,4,3,3,3,4,51.39,73.21
6,"Mimatsu",202,"オオシラビソ",35.5,35.8,35.8,35.1,36,35.4,NA,99,1,1,0,0,0,1,51.16,73.58
6,"Mimatsu",204,"オオシラビソ",18,18.5,NA,NA,NA,NA,NA,99,3,-1,-1,-1,-1,-1,51.22,75.21
6,"Mimatsu",205,"オオシラビソ",7.5,8.4,8.8,9.1,10,10.9,NA,99,4,4,4,4,4,4,48.35,73.66
6,"Mimatsu",206,"オオシラビソ",5.7,5.8,6.2,6.4,6.9,7.3,NA,99,4,4,4,4,4,4,47.54,71.66
6,"Mimatsu",207,"オオシラビソ",7,7.7,8.7,8.5,9,9.9,NA,99,4,3,3,4,4,3,44.26,72.77
6,"Mimatsu",208,"オオシラビソ",14.5,15.3,15.8,16.3,16.8,18.6,NA,99,5,5,4,4,4,5,44.39,73.19
6,"Mimatsu",209,"オオシラビソ",9.1,9.1,9.3,9.6,10.4,10.9,NA,99,3,2,3,2,2,2,44.62,73.86
6,"Mimatsu",223,"オオシラビソ",26.8,27.9,28.8,29.6,30.5,31.7,NA,99,3,3,3,3,3,3,47.11,75.81
6,"Mimatsu",222,"オオシラビソ",45.2,45.8,45.9,46.5,46.7,47,NA,99,4,4,3,2,3,4,45.12,76.74
6,"Mimatsu",210,"オオシラビソ",36.4,37.4,38.1,38.4,39.1,39.6,NA,99,4,4,4,4,4,4,41.82,74.64
6,"Mimatsu",221,"オオシラビソ",47.9,48.8,49.2,49.9,49.8,50.5,NA,99,3,3,2,2,2,3,37.72,79.78
6,"Mimatsu",220,"オオシラビソ",15.9,16.5,17.1,17.7,18.7,20.5,NA,99,4,4,4,4,4,4,39.15,76.94
6,"Mimatsu",216,"オオシラビソ",12.3,NA,NA,NA,NA,NA,NA,0,-1,-1,-1,-1,-1,-1,28.96,74.55
6,"Mimatsu",217,"オオシラビソ",74.1,76.2,78.9,78.9,NA,NA,NA,99,3,3,1,-1,-1,3,28.7,75.27
6,"Mimatsu",245,"オオシラビソ",52.8,52.9,53.7,53.5,53.5,NA,NA,99,4,1,0,0,-1,1,23.52,73.74
6,"Mimatsu",246,"オオシラビソ",72.7,72.7,NA,NA,NA,NA,NA,0,0,-1,-1,-1,-1,-1,20.99,72.72
6,"Mimatsu",247,"オオシラビソ",7.5,8.6,9.4,10.9,12.5,15.1,NA,99,5,5,5,5,5,5,19.02,71.55
6,"Mimatsu",262,"オオシラビソ",10.5,NA,NA,NA,NA,NA,NA,0,-1,-1,-1,-1,-1,-1,17.63,74.24
6,"Mimatsu",354,"オオシラビソ",NA,NA,NA,NA,9.7,10.8,NA,NA,NA,NA,NA,4,4,NA,21.34,74.74
6,"Mimatsu",263,"オオシラビソ",22.8,24.2,25.5,26.7,28,29.9,NA,99,3,3,3,2,3,3,19.51,76.72
6,"Mimatsu",401,"オオシラビソ",NA,NA,NA,NA,NA,7,NA,NA,NA,NA,NA,NA,5,NA,17.37,77.56
6,"Mimatsu",264,"オオシラビソ",18.7,20,21.1,22.3,23.5,NA,NA,99,4,4,4,4,-1,4,15.28,75.28
6,"Mimatsu",265,"オオシラビソ",11.6,11.8,12.1,12.9,13.4,13.9,NA,99,3,3,3,3,3,3,15.26,78.08
6,"Mimatsu",266,"オオシラビソ",45.1,NA,NA,NA,NA,NA,NA,0,-1,-1,-1,-1,-1,-1,12.11,78.44
6,"Mimatsu",267,"オオシラビソ",30.2,30.8,31.9,32.8,33.1,35.1,NA,99,3,3,2,4,4,3,12.19,75.05
6,"Mimatsu",270,"オオシラビソ",49.4,49.8,50.3,50.7,50.6,50.8,NA,99,3,3,2,2,2,3,7.23,74.98
6,"Mimatsu",272,"オオシラビソ",18.3,19.7,20,20.8,22.2,NA,NA,99,4,4,4,3,-1,4,0.95,79.32
6,"Mimatsu",275,"オオシラビソ",28.3,28.7,29.1,29.6,NA,NA,NA,99,2,2,0,-1,-1,2,7.2,79.63
6,"Mimatsu",276,"オオシラビソ",51.3,52.5,53.3,53.3,55,55.8,NA,99,2,2,2,2,2,2,8.21,82.24
6,"Mimatsu",355,"オオシラビソ",12,12.4,12.8,13.1,13.5,14,NA,99,3,3,3,3,2,3,8.21,82.24
6,"Mimatsu",277,"オオシラビソ",47.4,48.4,49.1,49.7,50.7,NA,NA,99,2,2,2,2,-1,2,12.75,85.95
6,"Mimatsu",278,"オオシラビソ",9.3,10.2,10.8,11.7,12.8,14.8,NA,99,5,5,4,4,5,5,25.46,85.21
6,"Mimatsu",279,"オオシラビソ",10,11.5,NA,NA,NA,NA,NA,99,5,-1,-1,-1,-1,-1,28,84
6,"Mimatsu",280,"オオシラビソ",6.5,6.5,6.3,NA,NA,NA,NA,0,0,0,-1,-1,-1,0,34.03,88.57
6,"Mimatsu",229,"オオシラビソ",14,14.3,NA,NA,NA,NA,NA,99,5,-1,-1,-1,-1,-1,35.96,86.91
6,"Mimatsu",224,"オオシラビソ",47.5,49.1,50.1,50.5,52.1,54.2,NA,99,2,3,4,3,3,3,49.1,86.27
6,"Mimatsu",231,"オオシラビソ",9.7,10.8,11,11.2,11.1,11,NA,99,5,4,0,0,0,4,43.04,90.07
6,"Mimatsu",357,"オオシラビソ",NA,NA,NA,NA,9.3,10.1,NA,NA,NA,NA,NA,5,4,NA,43.14,91.42
6,"Mimatsu",232,"オオシラビソ",7.9,8.5,8.7,9.1,10.1,10.5,NA,99,4,4,5,4,4,4,43.26,92.21
6,"Mimatsu",233,"オオシラビソ",32.5,32.4,NA,NA,NA,NA,NA,99,1,-1,-1,-1,-1,-1,44.51,92.52
6,"Mimatsu",230,"オオシラビソ",10.2,11.5,12,12.8,13.7,14.2,NA,99,5,5,5,4,4,5,34.74,91.54
7,"Kagamiishi",1,"オオシラビソ",4.2,4.8,4.8,5.8,6.8,8.5,8.9,3,5,4,3,3,3,3,1.4,2.89
7,"Kagamiishi",2,"オオシラビソ",14.1,14.7,15,15.1,16,16.9,17.9,4,4,3,4,4,3,4,5.5,4.5
7,"Kagamiishi",3,"オオシラビソ",4.7,4.8,5.9,6.4,6.3,6.7,6.8,3,4,4,3,3,3,4,6.8,4.5
7,"Kagamiishi",4,"オオシラビソ",5.4,5.6,5.7,6.1,6.2,6.6,7,3,3,4,3,3,4,3,9.5,4.6
7,"Kagamiishi",5,"オオシラビソ",19.6,19.6,21.1,20.7,21.1,21.8,22.3,4,4,4,4,3,3,4,14.6,3.4
7,"Kagamiishi",6,"オオシラビソ",15.7,15.8,17.3,17.8,18,18.2,19,4,4,4,4,4,4,4,18.1,2.2
7,"Kagamiishi",7,"オオシラビソ",7.7,8,8.1,8.3,8.4,NA,NA,3,3,3,3,3,-1,-1,18.9,1.8
7,"Kagamiishi",8,"オオシラビソ",3.8,4,4.2,4.5,4.6,5.2,5.5,3,4,4,4,3,3,3,25.8,8.4
7,"Kagamiishi",9,"オオシラビソ",15.9,16.2,16.8,16.7,16.9,17.3,17.8,2,2,4,4,3,4,4,25.7,9.8
7,"Kagamiishi",131,"オオシラビソ",6,6,6.1,4.8,4.7,NA,NA,0,0,0,0,0,-1,-1,24.6,8.7
7,"Kagamiishi",10,"オオシラビソ",2.7,3.4,4.3,4.8,5.4,6.4,7.5,4,5,5,5,4,5,4,19,6.9
7,"Kagamiishi",11,"オオシラビソ",6.1,6.4,7.1,7.3,7.8,8.1,8.5,2,4,4,4,3,3,3,17.6,6.5
7,"Kagamiishi",132,"オオシラビソ",NA,NA,NA,NA,0.4,1.9,2.4,NA,NA,NA,NA,4,4,4,18.3,7.6
7,"Kagamiishi",133,"オオシラビソ",NA,1.3,1.6,1.8,2.2,2.7,3,NA,5,5,5,4,3,3,18.8,8.2
7,"Kagamiishi",12,"オオシラビソ",1.2,1.4,2.5,3,3.4,4,4.7,2,4,4,4,4,5,4,19.7,8.4
7,"Kagamiishi",13,"オオシラビソ",0.1,1,1.8,1.9,2.1,2.3,2.6,2,3,4,4,3,2,3,19.6,9.1
7,"Kagamiishi",14,"オオシラビソ",6.2,6.5,6.7,6.9,7.2,7.4,7.6,1,2,4,3,3,3,2,19.4,9.1
7,"Kagamiishi",134,"オオシラビソ",NA,NA,NA,0.8,1.1,1.5,1.9,NA,NA,4,4,4,3,2,19,9
7,"Kagamiishi",135,"オオシラビソ",NA,NA,NA,0.6,0.5,1.2,1.8,NA,NA,NA,4,4,4,3,19,9.2
7,"Kagamiishi",16,"オオシラビソ",11.3,11.5,11.5,11.9,12.2,12.9,13.3,4,4,4,4,4,4,4,18.5,9.7
7,"Kagamiishi",17,"オオシラビソ",0.1,1.4,2.5,2.9,3.2,3.7,3.9,4,4,5,4,3,4,4,18.2,9.4
7,"Kagamiishi",18,"オオシラビソ",2.9,3.4,3.7,4.2,4.5,5.5,6,4,4,5,5,4,4,4,18.8,9.1
7,"Kagamiishi",15,"オオシラビソ",3.6,4.4,4.5,5.1,5.5,6.2,6.9,4,4,4,4,4,4,4,17.8,8.4
7,"Kagamiishi",19,"オオシラビソ",5.2,NA,NA,NA,NA,NA,NA,4,1,-1,-1,-1,-1,-1,16.3,7.8
7,"Kagamiishi",136,"オオシラビソ",NA,1,1.4,2,2.7,3.5,4.8,4,4,5,5,5,5,5,16,7.8
7,"Kagamiishi",137,"オオシラビソ",NA,NA,NA,0.5,2,2.9,3.6,NA,NA,NA,5,5,5,4,16.1,6.1
7,"Kagamiishi",184,"オオシラビソ",NA,NA,NA,NA,NA,0.8,2.1,NA,NA,NA,NA,5,5,5,14.7,6.3
7,"Kagamiishi",20,"オオシラビソ",18.9,19.5,19.7,20.3,20.4,20.6,20.6,3,3,3,3,2,2,2,14.8,7.3
7,"Kagamiishi",138,"オオシラビソ",7.1,7.4,7.6,7.7,7.9,8.4,8.7,4,4,4,3,4,3,3,14.2,9.2
7,"Kagamiishi",139,"オオシラビソ",11.5,12.5,13.1,13.7,14.1,14.9,15.7,4,4,4,4,5,4,5,14.3,9.6
7,"Kagamiishi",140,"オオシラビソ",NA,NA,NA,0.8,1.2,1.4,2.1,NA,NA,NA,4,4,4,5,12.1,10.5
7,"Kagamiishi",141,"オオシラビソ",2.4,2.9,3.1,3.3,4,5.1,5.5,4,4,4,4,4,4,4,12.1,10.3
7,"Kagamiishi",185,"オオシラビソ",NA,2.4,2.9,3.3,3.8,4.7,5.6,NA,5,5,5,5,5,4,12,8.9
7,"Kagamiishi",21,"オオシラビソ",4.4,5.2,5.9,6.3,7,7.9,8.9,4,4,5,5,5,5,5,13.2,8
7,"Kagamiishi",22,"オオシラビソ",2.1,2.4,2.8,3.1,3.8,4.4,5.4,4,4,4,4,4,5,4,13.5,7.3
7,"Kagamiishi",142,"オオシラビソ",NA,NA,NA,NA,NA,0.9,2.3,NA,NA,NA,NA,5,5,5,10.2,5.9
7,"Kagamiishi",23,"オオシラビソ",15.4,15.9,NA,NA,NA,NA,NA,3,4,-1,-1,-1,-1,-1,10,5.5
7,"Kagamiishi",24,"オオシラビソ",8.2,8.6,9.2,9.6,10.1,10.6,11.3,3,4,4,3,3,3,3,9.6,5.5
7,"Kagamiishi",25,"オオシラビソ",19.8,20.2,20.2,20.6,21.2,22.2,22.7,3,3,3,3,3,3,4,5.7,5.6
7,"Kagamiishi",26,"オオシラビソ",5.2,5.5,NA,NA,NA,NA,NA,3,4,1,0,-1,-1,-1,3.4,7.5
7,"Kagamiishi",27,"オオシラビソ",2.1,2.7,2.9,3.4,3.7,4.3,5,3,4,4,4,4,5,5,3.7,7.9
7,"Kagamiishi",143,"オオシラビソ",NA,NA,NA,NA,0.7,1.5,1.6,NA,NA,NA,5,4,4,4,5.5,10.3
7,"Kagamiishi",144,"オオシラビソ",NA,NA,0.7,0.9,0.9,NA,NA,NA,NA,4,4,3,-1,-1,2.3,9.8
7,"Kagamiishi",145,"オオシラビソ",NA,NA,NA,NA,NA,1.6,2.4,NA,NA,NA,NA,5,5,5,2.1,12.9
7,"Kagamiishi",28,"オオシラビソ",10.8,11,11.1,11.5,11.6,12,12.4,4,5,4,4,4,4,4,1.6,14
7,"Kagamiishi",29,"オオシラビソ",7.5,7.9,8,8.3,8.3,8.4,8.7,3,3,4,3,3,2,3,2.6,14.7
7,"Kagamiishi",30,"オオシラビソ",2.2,2.5,2.9,3.1,3.4,3.9,4.7,3,3,4,4,3,4,4,4.2,15.5
7,"Kagamiishi",31,"オオシラビソ",18.6,18.8,19.5,19.8,20.3,21.1,22,4,4,4,4,4,5,5,5.6,13.4
7,"Kagamiishi",146,"オオシラビソ",NA,NA,NA,NA,0.5,1.7,2.7,NA,NA,NA,NA,5,4,5,8.1,11.4
7,"Kagamiishi",147,"オオシラビソ",NA,1,1.5,1.7,2,2.7,3.3,NA,5,5,5,5,5,4,16.2,13.7
7,"Kagamiishi",32,"オオシラビソ",5.1,5.8,6.5,7,7.5,8.8,9.3,4,3,5,4,4,4,4,17.3,14.9
7,"Kagamiishi",33,"オオシラビソ",10.9,11,12.1,11.7,12,12.4,12.7,3,3,4,4,3,3,4,17.6,14.9
7,"Kagamiishi",148,"オオシラビソ",NA,NA,NA,NA,0.5,0.4,0.8,NA,NA,NA,NA,4,3,4,18,15.1
7,"Kagamiishi",35,"オオシラビソ",2.3,2.8,3.5,4.8,4.9,5.4,5.9,4,4,4,4,4,4,4,18.4,13.9
7,"Kagamiishi",149,"オオシラビソ",NA,NA,NA,NA,0.7,1,1.5,NA,NA,NA,NA,5,5,5,18.1,11.8
7,"Kagamiishi",34,"オオシラビソ",9,9.6,10.1,10.6,10.8,11.3,11.7,3,4,4,4,3,4,3,19.3,13
7,"Kagamiishi",36,"オオシラビソ",3.2,3.6,4.1,4.3,4.7,5.4,6,4,4,5,5,4,4,4,20.5,14.3
7,"Kagamiishi",37,"オオシラビソ",7,8,8.6,9,9.5,10.3,10.9,5,5,4,4,4,4,4,21.9,14.2
7,"Kagamiishi",191,"オオシラビソ",NA,NA,NA,NA,NA,NA,1.1,NA,NA,NA,NA,NA,NA,5,21.5,12
7,"Kagamiishi",38,"オオシラビソ",8.2,8.7,8.9,9.1,9.5,9.9,9.9,3,4,4,4,3,2,3,21.3,12.1
7,"Kagamiishi",150,"オオシラビソ",NA,NA,NA,NA,NA,1.3,2.3,NA,NA,NA,NA,5,5,5,22.7,11.8
7,"Kagamiishi",42,"オオシラビソ",4.4,4.6,4.9,4.9,5.1,5.2,5.3,2,3,4,4,4,4,4,24,10.8
7,"Kagamiishi",186,"オオシラビソ",NA,NA,NA,NA,NA,NA,0.4,NA,NA,NA,NA,NA,5,5,24.8,10.7
7,"Kagamiishi",43,"オオシラビソ",17,17.3,17.4,17.9,18.2,19.2,19.7,2,3,4,4,3,2,3,24.8,10.9
7,"Kagamiishi",40,"オオシラビソ",28,28,NA,NA,NA,NA,NA,0,0,-1,-1,-1,-1,-1,25.3,12.6
7,"Kagamiishi",41,"オオシラビソ",24.7,24.7,24.7,NA,NA,NA,NA,2,1,1,-1,-1,-1,-1,25.8,13.3
7,"Kagamiishi",39,"オオシラビソ",4.3,5.4,5.9,6.8,7.8,8.7,9.6,5,5,5,5,5,5,5,24.7,13.3
7,"Kagamiishi",151,"オオシラビソ",NA,6.9,7.3,7.6,8,8.8,9.7,NA,4,4,4,4,5,5,25.6,14.8
7,"Kagamiishi",187,"オオシラビソ",NA,NA,NA,NA,NA,NA,NA,NA,NA,NA,NA,NA,4,4,24.2,15.7
7,"Kagamiishi",50,"オオシラビソ",2.1,3,3.7,3.9,4.2,4.7,5.3,5,4,4,4,4,5,5,24.7,15.7
7,"Kagamiishi",49,"オオシラビソ",10.4,10.7,11.4,11.6,11.7,11.9,11.8,2,1,3,3,2,2,2,24.3,16.3
7,"Kagamiishi",48,"オオシラビソ",3,4.4,4.7,5.2,5.9,6.7,7.4,4,4,5,5,5,5,4,25.2,16.7
7,"Kagamiishi",152,"オオシラビソ",NA,NA,NA,NA,NA,NA,NA,0,-1,-1,-1,-1,-1,-1,25.1,17.2
7,"Kagamiishi",47,"オオシラビソ",7.8,8.3,8.8,9,9.3,9.9,10.4,4,4,4,3,4,3,4,24.9,17.4
7,"Kagamiishi",188,"オオシラビソ",NA,NA,NA,NA,NA,NA,0.7,NA,NA,NA,NA,NA,4,4,25.1,18
7,"Kagamiishi",46,"オオシラビソ",6.7,6.8,7.2,7.3,7.6,7.9,8.3,4,4,4,4,4,3,3,24.7,17.9
7,"Kagamiishi",45,"オオシラビソ",13.4,13.6,14.2,14.4,14.9,15,15.1,3,3,4,4,4,2,3,24.7,18.2
7,"Kagamiishi",153,"オオシラビソ",NA,NA,NA,NA,NA,NA,NA,NA,NA,NA,NA,3,3,3,24.9,18.6
7,"Kagamiishi",154,"オオシラビソ",NA,NA,1.5,2.5,2.8,3.7,3.9,NA,NA,5,5,4,4,4,24.5,18.9
7,"Kagamiishi",44,"オオシラビソ",11.7,11.5,11.7,11.8,11.9,12,12,2,3,4,4,4,3,3,24.1,19.1
7,"Kagamiishi",51,"オオシラビソ",14.2,14.5,14.7,14.7,14.9,15.4,16,2,2,4,3,3,3,3,23.2,17
7,"Kagamiishi",155,"オオシラビソ",7.8,8.3,8.6,8.7,9.1,9.8,9.8,4,4,4,4,4,4,4,22.9,16.2
7,"Kagamiishi",53,"オオシラビソ",11.6,12.1,12.5,12.5,NA,NA,NA,3,2,2,0,-1,-1,-1,22.6,15.8
7,"Kagamiishi",156,"オオシラビソ",NA,NA,NA,NA,0.5,0.8,2.2,NA,NA,NA,NA,4,5,4,20.8,16.2
7,"Kagamiishi",54,"オオシラビソ",12.6,13.3,13.8,14,14.4,15,15.6,3,4,5,5,5,5,4,21.3,16.7
7,"Kagamiishi",55,"オオシラビソ",4.2,4.6,4.8,5,5.4,6.1,6.7,3,4,5,5,5,5,3,20.9,17.6
7,"Kagamiishi",56,"オオシラビソ",3.9,4.2,4.5,4.6,4.8,5.1,5.4,2,3,4,4,4,4,3,19.9,18.4
7,"Kagamiishi",57,"オオシラビソ",4,4.3,4.8,5.3,5.6,5.8,5.8,2,3,4,4,4,4,4,19.9,18.9
7,"Kagamiishi",58,"オオシラビソ",9.1,9.1,9.1,9.1,9.1,9,NA,2,2,2,2,2,1,-1,20.2,19.4
7,"Kagamiishi",157,"オオシラビソ",NA,4.2,4.4,6,6.4,7,7.6,NA,4,4,4,4,4,5,20.9,19.8
7,"Kagamiishi",52,"オオシラビソ",11.7,NA,NA,NA,NA,NA,NA,2,1,-1,-1,-1,-1,-1,22.3,20
7,"Kagamiishi",158,"オオシラビソ",4.8,5.5,5.9,6,6.6,7.4,7.9,5,5,5,4,5,4,4,22.3,20.2
7,"Kagamiishi",159,"オオシラビソ",NA,2,2.2,2.5,NA,NA,NA,NA,4,4,3,-1,-1,-1,21.5,20.5
7,"Kagamiishi",160,"オオシラビソ",9.2,9.7,10,10.3,10.5,11.1,11.6,4,4,4,4,4,5,5,21,20.3
7,"Kagamiishi",59,"オオシラビソ",1.9,2.5,2.9,3.1,3.5,3.7,NA,3,3,3,3,4,2,-1,19.6,20
7,"Kagamiishi",60,"オオシラビソ",3.8,NA,3.9,4.2,4.6,5.2,5.7,3,2,4,4,4,5,5,18.5,18.5
7,"Kagamiishi",161,"オオシラビソ",NA,NA,0.7,0.5,1.2,1.9,2.4,NA,NA,4,4,4,5,4,17.5,18.1
7,"Kagamiishi",61,"オオシラビソ",4.7,5.1,5.3,5.8,6.3,6.8,7.3,4,4,4,4,4,4,4,16.7,18.2
7,"Kagamiishi",62,"オオシラビソ",3,3,3.3,3,3.3,3.7,3.9,4,4,4,4,4,4,4,17.7,15.7
7,"Kagamiishi",63,"オオシラビソ",4.3,4.7,5,5,5.2,5.6,5.9,3,3,4,4,4,4,4,17.2,15.2
7,"Kagamiishi",189,"オオシラビソ",NA,NA,NA,NA,NA,NA,NA,NA,NA,NA,NA,NA,5,4,16.7,15.7
7,"Kagamiishi",162,"オオシラビソ",NA,NA,0.8,1.8,2,2.5,2.8,NA,NA,4,4,4,5,4,15.9,15.9
7,"Kagamiishi",64,"オオシラビソ",11.5,12.1,12.5,12.7,13.1,13.7,14.2,4,4,4,4,4,4,4,16.6,16.6
7,"Kagamiishi",192,"オオシラビソ",NA,NA,NA,NA,NA,NA,NA,NA,NA,NA,NA,NA,NA,4,14.8,18.7
7,"Kagamiishi",65,"オオシラビソ",3.2,3.7,4.4,4.8,5.4,6.1,6.8,3,5,5,4,5,5,5,15.8,19.4
7,"Kagamiishi",66,"オオシラビソ",3.8,4.7,5.4,5.8,6.5,7.6,8.3,4,5,5,4,5,5,4,13.4,19.8
7,"Kagamiishi",67,"オオシラビソ",6.4,6.3,6.8,6.8,7.1,7.2,NA,2,2,3,3,3,3,-1,11.3,19.7
7,"Kagamiishi",163,"オオシラビソ",NA,NA,NA,NA,NA,NA,0.5,NA,NA,5,5,5,5,5,10.1,19.1
7,"Kagamiishi",193,"オオシラビソ",NA,NA,NA,NA,NA,NA,NA,NA,NA,NA,NA,NA,NA,5,9.5,19.3
7,"Kagamiishi",164,"オオシラビソ",NA,NA,1,1.3,1.6,2.1,NA,NA,NA,5,5,5,4,-1,10.6,16.7
7,"Kagamiishi",165,"オオシラビソ",NA,NA,0.7,2,2.3,2.8,3.1,NA,NA,5,5,5,3,4,9.6,16.4
7,"Kagamiishi",194,"オオシラビソ",NA,NA,NA,NA,NA,NA,NA,NA,NA,NA,NA,NA,NA,4,8.6,17.1
7,"Kagamiishi",166,"オオシラビソ",3,3.3,3.5,3.7,3.8,4.1,4.6,4,4,4,4,4,4,4,8.7,18.1
7,"Kagamiishi",68,"オオシラビソ",4.1,4.5,4.9,5.2,5.8,6.2,7.1,2,4,5,5,4,5,5,8,18.3
7,"Kagamiishi",69,"オオシラビソ",9.2,NA,NA,NA,NA,NA,NA,2,-1,-1,-1,-1,-1,-1,7.5,18.2
7,"Kagamiishi",70,"オオシラビソ",6,6,6.3,6.4,6.5,6.7,6.9,3,3,3,3,3,3,3,7.4,16.6
7,"Kagamiishi",71,"オオシラビソ",7,7.4,7.8,8,8.3,9,9.7,4,5,5,4,4,4,4,6.3,17.2
7,"Kagamiishi",72,"オオシラビソ",9.3,9.5,9.7,9.9,10.1,10.3,10.6,4,4,4,4,4,3,3,6.6,17.8
7,"Kagamiishi",73,"オオシラビソ",NA,NA,NA,NA,NA,NA,NA,2,2,3,3,3,4,4,6.8,18.3
7,"Kagamiishi",167,"オオシラビソ",NA,NA,NA,0.7,0.7,0.7,0.7,NA,NA,NA,4,2,0,0,7.1,18.9
7,"Kagamiishi",74,"オオシラビソ",8.6,8.7,8.9,9,9,9.2,9.2,3,2,3,3,3,2,0,6,18.7
7,"Kagamiishi",168,"オオシラビソ",NA,NA,0.9,0.6,1.3,2,2.8,NA,NA,5,5,5,5,4,5.9,19.5
7,"Kagamiishi",169,"オオシラビソ",NA,NA,0.5,0.8,1.4,2.5,3.7,NA,NA,5,5,5,5,5,5.2,18.8
7,"Kagamiishi",75,"オオシラビソ",5.4,5.6,5.9,5.9,6.1,6.5,6.9,4,4,4,5,4,5,4,3.7,20
7,"Kagamiishi",170,"オオシラビソ",NA,NA,0.5,0.8,1.5,2.8,4,NA,NA,4,4,5,5,5,2.5,19.5
7,"Kagamiishi",171,"オオシラビソ",NA,NA,NA,NA,NA,NA,0.5,NA,NA,NA,NA,4,4,4,3.4,18.9
7,"Kagamiishi",76,"オオシラビソ",13.5,13.9,13.8,14.1,14.3,14.6,15.1,3,2,3,3,3,3,3,3.3,18.6
7,"Kagamiishi",77,"オオシラビソ",6.2,6.5,6.6,6.8,7.2,7.7,7.9,3,3,4,4,4,4,3,4.1,18.1
7,"Kagamiishi",78,"オオシラビソ",12.1,12.4,12.4,12.5,12.8,13.1,13.5,3,3,3,3,3,3,4,4.1,16.1
7,"Kagamiishi",79,"オオシラビソ",9.3,9.7,9.8,10,10.4,10.7,10.9,4,4,3,3,4,3,4,3.6,15.7
7,"Kagamiishi",80,"オオシラビソ",7.2,7.6,8.2,8.5,8.8,9.7,10.4,4,5,4,3,4,3,4,3,16.1
7,"Kagamiishi",195,"オオシラビソ",NA,NA,NA,NA,NA,NA,0.4,NA,NA,NA,NA,NA,NA,4,1.1,15.4
7,"Kagamiishi",81,"オオシラビソ",5.4,5.3,5.4,5.6,5.7,5.7,5.5,3,2,3,2,3,2,0,1,15.5
7,"Kagamiishi",82,"オオシラビソ",8.5,8.9,9.4,9.6,9.8,10.2,10.8,4,4,4,4,4,4,4,0.3,15.9
7,"Kagamiishi",83,"オオシラビソ",9,9.3,9.4,9.6,9.8,10.1,10.3,3,2,3,3,4,3,3,2,18.4
7,"Kagamiishi",84,"オオシラビソ",3.2,3.5,3.8,4,4.2,5,5.7,3,2,3,3,3,4,4,1.1,18.2
7,"Kagamiishi",85,"オオシラビソ",6.9,7,NA,NA,NA,NA,NA,2,2,-1,-1,-1,-1,-1,1.6,19.4
7,"Kagamiishi",86,"オオシラビソ",3.7,4.7,5.2,5.6,6.1,7,7.8,3,4,5,5,5,4,4,1.2,19.8
7,"Kagamiishi",87,"オオシラビソ",3.9,4,4.6,5.1,5.6,6.5,7.4,4,4,5,4,5,5,4,1.7,20.4
7,"Kagamiishi",172,"オオシラビソ",12.2,NA,NA,NA,NA,NA,NA,0,-1,-1,-1,-1,-1,-1,2.9,20.7
7,"Kagamiishi",88,"オオシラビソ",5.2,5,5.2,5.2,5.4,5.4,5.6,2,2,3,3,3,3,3,1.5,21.2
7,"Kagamiishi",89,"オオシラビソ",16.7,17.2,17.5,18,18.2,18.8,19.1,3,3,4,4,5,4,4,2.2,21.7
7,"Kagamiishi",173,"オオシラビソ",NA,NA,1.2,1,1.7,2.6,3.8,NA,NA,5,5,5,5,5,2,23
7,"Kagamiishi",90,"オオシラビソ",9.5,9.5,9.5,9.5,9.7,10.2,10.2,2,2,3,3,3,3,3,0.2,23.7
7,"Kagamiishi",196,"オオシラビソ",NA,NA,NA,NA,NA,NA,NA,NA,NA,NA,NA,NA,NA,5,1.6,23.7
7,"Kagamiishi",174,"オオシラビソ",12.8,12.8,12.8,NA,NA,NA,NA,0,0,0,-1,-1,-1,-1,5.9,24
7,"Kagamiishi",91,"オオシラビソ",5.9,6.3,6.4,6.6,6.8,6.9,7,4,3,4,3,3,3,3,7.1,22
7,"Kagamiishi",92,"オオシラビソ",5.7,6.2,6.4,6.4,6.4,4.3,5.2,2,1,3,3,3,3,3,8,21.8
7,"Kagamiishi",93,"オオシラビソ",1.8,2.5,2.9,3.3,3.4,3.6,3.9,4,4,4,3,4,4,4,8.8,22.1
7,"Kagamiishi",96,"オオシラビソ",2.2,3.4,3.9,4.4,4.9,5.7,6.2,3,3,5,4,4,4,4,7.8,23.5
7,"Kagamiishi",94,"オオシラビソ",11,11.2,11.8,12,12.2,12.5,12.8,3,3,4,3,3,2,3,8.5,24.5
7,"Kagamiishi",95,"オオシラビソ",8.2,9.3,9.9,10.7,5.6,6.3,6.8,3,3,5,4,4,4,4,9.6,24.1
7,"Kagamiishi",175,"オオシラビソ",NA,1,1.9,2.8,3.4,4.3,5.2,NA,5,5,5,5,5,4,10.8,22.3
7,"Kagamiishi",176,"オオシラビソ",NA,NA,NA,NA,0.8,1.6,2.7,NA,NA,5,5,5,5,4,11.1,23.6
7,"Kagamiishi",100,"オオシラビソ",15.4,15.8,15.6,15.2,7.7,7.9,8.3,2,2,3,2,3,2,3,12.1,24.4
7,"Kagamiishi",101,"オオシラビソ",15.7,16.1,16,16.2,16.4,16.5,16.5,3,3,3,3,3,2,2,12.9,24.9
7,"Kagamiishi",102,"オオシラビソ",4.6,5.1,5.5,6,6.3,6.9,7.3,3,3,5,4,4,4,3,13.8,24.6
7,"Kagamiishi",99,"オオシラビソ",10.8,11.2,11.5,11.9,12.2,12.8,13.5,3,2,4,4,3,4,4,13.1,22.9
7,"Kagamiishi",98,"オオシラビソ",4.8,4.9,4.8,3.3,NA,NA,NA,1,0,0,0,-1,-1,-1,13.5,20.6
7,"Kagamiishi",97,"オオシラビソ",4.4,4.8,5.3,5.6,6,6.6,7.5,4,3,4,3,3,3,4,13.9,21.1
7,"Kagamiishi",177,"オオシラビソ",9.2,NA,NA,NA,NA,NA,NA,0,-1,-1,-1,-1,-1,-1,14.3,21
7,"Kagamiishi",178,"オオシラビソ",9.2,NA,NA,NA,NA,NA,NA,0,-1,-1,-1,-1,-1,-1,14.6,20.9
7,"Kagamiishi",179,"オオシラビソ",NA,1.5,2,2.2,2.5,3.2,3.8,NA,4,4,4,4,4,4,16.8,22.5
7,"Kagamiishi",105,"オオシラビソ",3,4,4.6,5,5.6,6.2,6.9,5,5,5,5,5,5,5,18,22.7
7,"Kagamiishi",104,"オオシラビソ",2.2,3.1,4.1,4.3,4.9,5.7,6.3,3,3,5,4,5,5,4,18.1,23.9
7,"Kagamiishi",103,"オオシラビソ",3.3,3.8,4.4,4.8,5.1,5.5,5.9,3,3,5,4,4,4,4,17.2,24.4
7,"Kagamiishi",106,"オオシラビソ",20.3,NA,NA,NA,NA,NA,NA,2,-1,-1,-1,-1,-1,-1,18.8,24.2
7,"Kagamiishi",107,"オオシラビソ",14.8,14.3,NA,NA,NA,NA,NA,1,0,-1,-1,-1,-1,-1,20.5,24.1
7,"Kagamiishi",108,"オオシラビソ",NA,3.1,4,4.4,5,6.1,7.3,5,5,5,5,5,5,5,20.4,24.3
7,"Kagamiishi",109,"オオシラビソ",3.2,4.5,5.1,5.3,5.6,6.3,7.4,4,3,4,4,5,5,5,20.9,24.3
7,"Kagamiishi",180,"オオシラビソ",16.5,15.1,14.8,14,12.5,12,11.8,0,0,0,0,0,0,0,21.2,23.9
7,"Kagamiishi",110,"オオシラビソ",NA,NA,2.3,2.9,3.4,4.3,5.1,5,4,5,5,5,5,4,20.8,23.6
7,"Kagamiishi",113,"オオシラビソ",1.5,2.9,3.3,3.5,4,4.9,5.4,5,5,5,4,5,5,4,20.9,22.9
7,"Kagamiishi",181,"オオシラビソ",NA,NA,0.5,0.7,1.3,1.9,2.4,NA,NA,5,5,5,5,4,20.3,23
7,"Kagamiishi",182,"オオシラビソ",NA,NA,NA,NA,NA,0.3,0.7,NA,NA,NA,NA,5,5,5,20.8,21.7
7,"Kagamiishi",112,"オオシラビソ",1,1.8,2,2.7,2.8,3.4,4.1,5,4,5,4,5,5,4,21.3,21.1
7,"Kagamiishi",111,"オオシラビソ",1.6,3,3.6,4.1,4.6,5.3,5.8,5,5,5,5,5,5,5,21.8,21.2
7,"Kagamiishi",114,"オオシラビソ",2.5,2.9,3.4,3.7,3.9,5.1,5.5,4,3,4,3,4,4,4,21.6,23.3
7,"Kagamiishi",115,"オオシラビソ",1.2,2.7,NA,NA,NA,NA,1.1,3,3,4,3,2,4,4,21.9,24.3
7,"Kagamiishi",116,"オオシラビソ",5.5,5.6,6,6,6.3,6.4,6.5,3,3,3,3,3,3,3,23.3,23.9
7,"Kagamiishi",190,"オオシラビソ",NA,NA,NA,NA,NA,NA,0.3,NA,NA,NA,NA,NA,4,5,23.7,22.8
7,"Kagamiishi",117,"オオシラビソ",4.4,4.8,NA,NA,NA,NA,NA,3,3,-1,-1,-1,-1,-1,23.9,22.5
7,"Kagamiishi",183,"オオシラビソ",NA,NA,NA,0.9,1.2,1.5,2.5,NA,NA,NA,4,4,5,4,24.7,20.4
7,"Kagamiishi",118,"オオシラビソ",2.5,2.8,2.8,2.8,2.7,2.5,NA,2,2,3,2,2,0,-1,25.3,21.2
7,"Kagamiishi",119,"オオシラビソ",2,2.3,3,3.4,3.9,4.8,5.4,5,5,5,5,5,5,5,24.8,23.2
7,"Kagamiishi",120,"オオシラビソ",6.8,7.2,7.3,7.2,7.6,8,8.2,3,4,4,4,4,3,4,24.3,24.1
7,"Kagamiishi",121,"オオシラビソ",5.7,6.1,6.3,6.5,6.8,7.2,7.4,3,3,3,3,3,2,3,24.5,24.5
7,"Kagamiishi",122,"オオシラビソ",0.9,1.5,2,2.3,2.8,3.5,4,3,4,5,5,5,5,5,24.6,24.3
