"","tmin","tmax","tmean"
"1965-01",-10.7,-3.6,-8
"1965-02",-10.3,-4.6,-9
"1965-03",-9.4,-2.3,-6.8
"1965-04",-5.3,5.1,0.5
"1965-05",4,14.4,9.6
"1965-06",9.5,18.2,13.3
"1965-07",14.2,20.4,15.4
"1965-08",13.8,24,18.9
"1965-09",10,17.4,12.5
"1965-10",3.6,11.1,6.3
"1965-11",-0.9,6.8,2.1
"1965-12",-6.3,-0.7,-5.2
"1966-01",-10.2,-4.4,-8.8
"1966-02",-8.8,-0.4,-4.9
"1966-03",-6.7,1.5,-3
"1966-04",-1.8,7.5,2.8
"1966-05",3.1,13.5,8.7
"1966-06",7.8,16.2,11.3
"1966-07",12.4,20.5,15.5
"1966-08",14.2,22.1,17.1
"1966-09",10.3,16,11.1
"1966-10",4.6,10.4,5.7
"1966-11",-1.8,5.4,0.8
"1966-12",-7.5,-2.4,-6.9
"1967-01",-10.7,-4.9,-9.3
"1967-02",-6.5,-3.7,-8.1
"1967-03",-8,1.5,-3
"1967-04",0,8.7,4
"1967-05",5.1,17.2,12.3
"1967-06",8.8,17.5,12.6
"1967-07",13.8,21.7,16.7
"1967-08",14.3,21,16
"1967-09",11,16.3,11.4
"1967-10",4,9.8,5.1
"1967-11",-1.8,5,0.4
"1967-12",-7.8,-3,-7.4
"1968-01",-11,-5.5,-9.9
"1968-02",-12.8,-6.7,-11.1
"1968-03",-7.8,1.1,-3.4
"1968-04",-1.1,8,3.3
"1968-05",3.4,13.3,8.5
"1968-06",8.9,17.6,12.7
"1968-07",14.2,22.4,17.4
"1968-08",17.7,22.4,17.4
"1968-09",10.4,17.7,12.8
"1968-10",4.6,10.3,5.6
"1968-11",-1.2,5,0.4
"1968-12",-3.7,2,-2.6
"1969-01",-8,-2.6,-7.1
"1969-02",-8.3,-2,-6.5
"1969-03",-8.7,-0.6,-5.1
"1969-04",-0.8,9.3,4.6
"1969-05",4.8,16.8,11.9
"1969-06",8.4,17.4,12.5
"1969-07",13,20.5,15.5
"1969-08",14,21.1,16.1
"1969-09",10.6,16.7,11.8
"1969-10",3.6,10.6,5.8
"1969-11",-1.1,5.1,0.5
"1969-12",-6.7,-1.6,-6.1
"1970-01",-12.3,-4.6,-9
"1970-02",-10.3,-2.3,-6.8
"1970-03",-11.5,-3.9,-8.3
"1970-04",-0.9,6.9,2.2
"1970-05",5.8,16.2,11.3
"1970-06",9.6,16.4,11.5
"1970-07",14.7,21.8,16.8
"1970-08",15.9,22.4,17.4
"1970-09",12.8,18.6,13.7
"1970-10",4.8,11.2,6.4
"1970-11",-1.3,4.5,-0.1
"1970-12",-6.6,-0.9,-5.4
"1971-01",-11.5,-3.6,-8
"1971-02",-9.2,-2.8,-7.2
"1971-03",-8.5,-0.6,-5.1
"1971-04",-1.1,8.9,4.2
"1971-05",5.4,14.6,9.8
"1971-06",9.8,17.5,12.6
"1971-07",14.6,21,16
"1971-08",15.5,22,17
"1971-09",11.9,16.3,11.4
"1971-10",3.8,9.2,4.5
"1971-11",-1,4.4,-0.2
"1971-12",-6.4,-2,-6.5
"1972-01",-7,1,-3.5
"1972-02",-9,-2.1,-6.6
"1972-03",-7,1.1,-3.4
"1972-04",3,8.9,4.2
"1972-05",5.1,15.2,10.3
"1972-06",9.8,18.8,13.9
"1972-07",14.8,21.2,16.2
"1972-08",14.9,21.5,16.5
"1972-09",10.4,16.4,11.5
"1972-10",4.5,12,7.2
"1972-11",-0.9,4.8,0.2
"1972-12",-5.5,5,0.4
"1973-01",-9.5,-2,-6.5
"1973-02",-9.9,-1.5,-6
"1973-03",-9,-1.6,-6.1
"1973-04",1.8,11.4,6.6
"1973-05",4.5,14.1,9.3
"1973-06",9.5,16.7,11.8
"1973-07",15.4,24,18.9
"1973-08",15.9,23.3,18.3
"1973-09",10.9,16.3,11.4
"1973-10",4.5,10.7,5.9
"1973-11",-1.8,3.8,-0.8
"1973-12",-9,-3.6,-8
"1974-01",-12.3,-6.2,-10.6
"1974-02",-10.3,-3.2,-7.6
"1974-03",-7.7,-5,-9.4
"1974-04",0.8,9.6,4.9
"1974-05",5.5,15.4,10.5
"1974-06",10.4,18.4,13.5
"1974-07",14.1,19.3,14.4
"1974-08",15,22.7,17.7
"1974-09",10.7,16.9,12
"1974-10",4.9,11.6,6.8
"1974-11",-2.3,3.6,-1
"1974-12",-6.5,-1.2,-5.7
"1975-01",-10.9,-4.3,-8.7
"1975-02",-10.5,-4,-8.4
"1975-03",-7.6,0,-4.5
"1975-04",1.7,8.4,3.7
"1975-05",4.3,14,9.2
"1975-06",10.1,17.6,12.7
"1975-07",13.6,21.8,16.8
"1975-08",14.3,22.3,17.3
"1975-09",12.4,18.9,14
"1975-10",5.7,11.7,6.9
"1975-11",0.4,6,1.4
"1975-12",-6,-1.4,-5.9
"1976-01",-10.3,-4.3,-8.7
"1976-02",-7.8,1,-3.5
"1976-03",-5,1.1,-3.4
"1976-04",-0.9,8,3.3
"1976-05",5,14.2,9.4
"1976-06",5.1,18.6,13.7
"1976-07",13.6,20.9,15.9
"1976-08",13.6,20,15
"1976-09",9.7,15.3,10.4
"1976-10",4.2,10.9,6.1
"1976-11",-2.3,4.9,0.3
"1976-12",-6.9,-1.2,-5.7
"1977-01",-11.4,-5.9,-10.3
"1977-02",-10.9,-4.5,-8.9
"1977-03",-4.9,2.4,-2.2
"1977-04",0.7,9,4.3
"1977-05",5.6,14.6,9.8
"1977-06",10.6,18.1,13.2
"1977-07",14.9,22.2,17.2
"1977-08",15.9,21.3,16.3
"1977-09",12.2,18.9,14
"1977-10",5.9,13.2,8.4
"1977-11",2,7.4,2.7
"1977-12",-4.7,0.6,-3.9
"1978-01",-9.1,-3,-7.4
"1978-02",-11.1,-4.5,-8.9
"1978-03",-9.5,0.1,-4.4
"1978-04",-1.5,7.6,2.9
"1978-05",5.2,15.7,10.8
"1978-06",11.1,19.5,14.5
"1978-07",15.2,24.1,19
"1978-08",15.4,23.7,18.7
"1978-09",14.1,21.5,16.5
"1978-10",4.2,11.4,6.6
"1978-11",-0.2,5.4,0.8
"1978-12",-5.2,1.7,-2.8
"1979-01",-7.4,-1.3,-5.8
"1979-02",-6.8,0.9,-3.6
"1979-03",-6.5,1.3,-3.2
"1979-04",-0.6,7.8,3.1
"1979-05",4.5,14.1,9.3
"1979-06",11.7,19.7,14.7
"1979-07",13.4,20.2,15.2
"1979-08",15.4,22,17
"1979-09",12,17.8,12.9
"1979-10",6.9,12.9,8.1
"1979-11",1.8,7.4,2.7
"1979-12",-3.6,2.1,-2.5
"1980-01",-8.3,-2.7,-7.1
"1980-02",-10.4,-5.1,-9.5
"1980-03",-6.8,1.2,-3.3
"1980-04",-0.5,8.7,4
"1980-05",5.6,16.9,12
"1980-06",11.9,19.6,14.6
"1980-07",13.9,19.6,14.6
"1980-08",15.3,19.9,14.9
"1980-09",10.9,17,12.1
"1980-10",5.5,11.2,6.4
"1980-11",0.4,6.6,1.9
"1980-12",-6.4,-2,-6.5
"1981-01",-11.1,-6.6,-11
"1981-02",-11,-3.6,-8
"1981-03",-5.9,1.6,-2.9
"1981-04",-1,8.4,3.7
"1981-05",3.9,13.5,8.7
"1981-06",9.9,18.1,13.2
"1981-07",14.7,22.1,17.1
"1981-08",14.2,21.7,16.7
"1981-09",9.7,16.1,11.2
"1981-10",3.5,10.5,5.8
"1981-11",-2.7,3.1,-1.5
"1981-12",-6.2,-0.1,-4.6
"1982-01",-3.9,-1.4,-5.9
"1982-02",-9.9,-3.3,-7.7
"1982-03",-5.1,2.9,-1.7
"1982-04",-1,8.6,3.9
"1982-05",6.3,17.2,12.3
"1982-06",8.9,17.6,12.7
"1982-07",12.5,19.7,14.7
"1982-08",15.6,21.1,16.1
"1982-09",10.1,16,11.1
"1982-10",4.3,11.7,6.9
"1982-11",1.8,6.9,2.2
"1982-12",-4,0.9,-3.6
"1983-01",-8.3,-2.1,-6.6
"1983-02",-8.9,-3.9,-8.3
"1983-03",-5.4,1.1,-3.4
"1983-04",2.4,11.2,6.4
"1983-05",5.5,16.7,11.8
"1983-06",8.8,17.4,12.5
"1983-07",13.5,19.6,14.6
"1983-08",15.8,22.2,17.2
"1983-09",12,17.4,12.5
"1983-10",3.9,10.8,6
"1983-11",-0.9,3.8,-0.8
"1983-12",-7.3,-1.9,-6.4
"1984-01",-10.3,-5.5,-9.9
"1984-02",-11.8,-5.9,-10.3
"1984-03",-8.7,-2.9,-7.3
"1984-04",-0.1,6.9,2.2
"1984-05",4.8,14.8,10
"1984-06",10.8,19.6,14.6
"1984-07",14.3,21.7,16.7
"1984-08",15.5,24,18.9
"1984-09",10.3,16.3,11.4
"1984-10",4.5,10.7,5.9
"1984-11",-0.2,6.1,1.5
"1984-12",-4.8,-0.1,-4.6
"1985-01",-11,-4.3,-8.7
"1985-02",-8.1,-1.1,-5.6
"1985-03",-4,2.8,-1.8
"1985-04",1.2,10.5,5.8
"1985-05",7.2,16.6,11.7
"1985-06",10.4,17.8,12.9
"1985-07",14.4,21.8,16.8
"1985-08",16.5,25.4,20.3
"1985-09",12.6,17.7,12.8
"1985-10",5.4,11.9,7.1
"1985-11",1,5.4,0.8
"1985-12",-5.4,-0.2,-4.7
"1986-01",-9.7,-4,-8.4
"1986-02",-11.5,-4.4,-8.8
"1986-03",-6.4,1.4,-3.1
"1986-04",-0.1,8.8,4.1
"1986-05",5.6,14.6,9.8
"1986-06",10.9,19,14.1
"1986-07",13.9,20.3,15.3
"1986-08",15.7,22.9,17.9
"1986-09",11.4,18.1,13.2
"1986-10",4,10.1,5.4
"1986-11",-0.7,5.4,0.8
"1986-12",-4.1,2,-2.6
"1987-01",-8.7,-1.6,-6.1
"1987-02",-8.2,-1.5,-6
"1987-03",-5.4,2.1,-2.5
"1987-04",-0.1,10,5.3
"1987-05",5.6,15.6,10.7
"1987-06",10.6,19.8,14.8
"1987-07",15.5,21.8,16.8
"1987-08",16,22.2,17.2
"1987-09",12.2,18.4,13.5
"1987-10",6.8,13.8,9
"1987-11",0.9,7,2.3
"1987-12",-4,1.7,-2.8
"1988-01",-6.5,-0.5,-5
"1988-02",-10.5,-4,-8.4
"1988-03",-5.5,1,-3.5
"1988-04",-0.5,8.1,3.4
"1988-05",4.3,14.2,9.4
"1988-06",11,19,14.1
"1988-07",14.2,20,15
"1988-08",17,22.7,17.7
"1988-09",13.2,17.6,12.7
"1988-10",4.1,10.1,5.4
"1988-11",-2.2,3.1,-1.5
"1988-12",-5.9,0,-4.5
"1989-01",-6.1,0.2,-4.3
"1989-02",-6.9,0.2,-4.3
"1989-03",-5.1,2.4,-2.2
"1989-04",0.4,9.2,4.5
"1989-05",5.1,14.4,9.6
"1989-06",10,17.7,12.8
"1989-07",13.8,21.3,16.3
"1989-08",15.3,21.8,16.8
"1989-09",12.4,18.1,13.2
"1989-10",4.2,11.6,6.8
"1989-11",1.1,7.3,2.6
"1989-12",-4.6,1.1,-3.4
"1990-01",-8.4,-2.3,-6.8
"1990-02",-4.7,1.6,-2.9
"1990-03",-4.5,3.1,-1.5
"1990-04",0.2,9,4.3
"1990-05",5.2,15.6,10.7
"1990-06",11.5,20.5,15.5
"1990-07",15.1,22.6,17.6
"1990-08",15.9,24.2,19.1
"1990-09",12.3,19,14.1
"1990-10",5.6,11.7,6.9
"1990-11",2.1,8.7,4
"1990-12",-3.2,2.3,-2.3
"1991-01",-8.1,-3,-7.4
"1991-02",-9.2,-3.4,-7.8
"1991-03",-3.5,2.9,-1.7
"1991-04",0.9,10.8,6
"1991-05",5.3,14.5,9.7
"1991-06",11.7,19.7,14.7
"1991-07",14.8,21.1,16.1
"1991-08",15.5,21.7,16.7
"1991-09",12.6,19,14.1
"1991-10",6.5,12.2,7.4
"1991-11",0.1,5.7,1.1
"1991-12",-3.2,2.6,-2
"1992-01",-6.3,-0.5,-5
"1992-02",-8.3,-1.6,-6.1
"1992-03",-3.1,3.6,-1
"1992-04",0.9,10.2,5.5
"1992-05",4.5,12.8,8
"1992-06",9.3,17.3,12.4
"1992-07",13.7,22.2,17.2
"1992-08",15.5,22.7,17.7
"1992-09",10.1,16.6,11.7
"1992-10",4.8,11.4,6.6
"1992-11",0.4,7.2,2.5
"1992-12",-4.2,1.3,-3.2
"1993-01",-6.8,-1.2,-5.7
"1993-02",-8.1,-1.2,-5.7
"1993-03",-6.7,1.2,-3.3
"1993-04",-0.7,7.1,2.4
"1993-05",4.4,15.6,10.7
"1993-06",9.8,18.9,14
"1993-07",13.4,20.5,15.5
"1993-08",13.9,20.5,15.5
"1993-09",10.1,16.6,11.7
"1993-10",3.8,10.5,5.8
"1993-11",2.5,8.2,3.5
"1993-12",-5.3,1.4,-3.1
"1994-01",-8.8,-2,-6.5
"1994-02",-9.4,-3.1,-7.5
"1994-03",-8.1,0.1,-4.4
"1994-04",0.4,9.8,5.1
"1994-05",5.9,16.3,11.4
"1994-06",10.5,19.3,14.4
"1994-07",16.4,24.8,19.7
"1994-08",16.7,25.6,20.5
"1994-09",12,19.1,14.2
"1994-10",6.7,13.5,8.7
"1994-11",0.8,6.9,2.2
"1994-12",-4.8,1,-3.5
"1995-01",-8.7,-3.2,-7.6
"1995-02",-10.9,-2.6,-7.1
"1995-03",-5.3,2.8,-1.8
"1995-04",-0.4,9.4,4.7
"1995-05",6,15.7,10.8
"1995-06",10,17.7,12.8
"1995-07",14.1,21.9,16.9
"1995-08",15.1,23.8,18.7
"1995-09",9.8,16.9,12
"1995-10",5.6,13.3,8.5
"1995-11",-2.6,4.5,-0.1
"1995-12",-7.5,-1.6,-6.1
"1996-01",-9.5,-2.1,-6.6
"1996-02",-10.1,-2.8,-7.2
"1996-03",-6.3,1.8,-2.8
"1996-04",-2.9,5.8,1.2
"1996-05",3.9,15.1,10.2
"1996-06",9.8,19.7,14.7
"1996-07",13.3,23.1,18.1
"1996-08",14.5,23,18
"1996-09",9.3,16.5,11.6
"1996-10",4.2,12.2,7.4
"1996-11",-0.1,6.4,1.7
"1996-12",-4.5,1.8,-2.8
"1997-01",-8.8,-1.2,-5
"1997-02",-10.8,-1.3,-6.1
"1997-03",-4.5,4.4,-0.1
"1997-04",0.9,9.3,5.1
"1997-05",6.6,16.3,11.5
"1997-06",10.6,19.7,15.1
"1997-07",14.5,21.5,18
"1997-08",15.4,23.1,19.2
"1997-09",11.2,17.2,14.2
"1997-10",3.2,11,7.1
"1997-11",0,7.1,3.5
"1997-12",-4.3,1.9,-1.2
"1998-01",-8,-1.5,-4.8
"1998-02",-7.5,0.8,-3.2
"1998-03",-4.7,3.7,-0.5
"1998-04",4.1,14.1,9.1
"1998-05",8.3,18.9,13.6
"1998-06",11.4,19.4,15.4
"1998-07",15,22.5,18.7
"1998-08",15.6,21.7,18.7
"1998-09",13.1,19.7,16.4
"1998-10",8,14.7,11.4
"1998-11",0,6.6,3.3
"1998-12",-2.6,1.9,-0.9
"1999-01",-7.5,-1.8,-4.6
"1999-02",-10.4,-1.7,-6.1
"1999-03",-4,4.3,0.1
"1999-04",0.3,10,5.2
"1999-05",5.8,16.9,11.4
"1999-06",10.2,19.4,14.8
"1999-07",14.6,22.6,18.6
"1999-08",16.2,24.6,20.4
"1999-09",14,20.4,17.2
"1999-10",5.8,13.5,9.7
"1999-11",0.4,6.9,3.7
"1999-12",-4.9,0.2,-2.5
"2000-01",-6.5,0.1,-3.3
"2000-02",-11.2,-3.9,-7.6
"2000-03",-7.9,0.2,-3.8
"2000-04",-0.8,7.1,3.2
"2000-05",5.2,16.7,10.9
"2000-06",9.7,19.4,14.5
"2000-07",14.2,23.6,18.9
"2000-08",15.5,24.3,19.9
"2000-09",11.6,18.3,15
"2000-10",6.2,12.7,9.5
"2000-11",1.1,9.2,5.1
"2000-12",-4.9,1.1,-1.9
"2001-01",-9.4,-2.9,-6.1
"2001-02",-9.3,-1.5,-5.4
"2001-03",-5.4,2.3,-1.6
"2001-04",-0.1,10.3,5.1
"2001-05",6.3,16.8,11.5
"2001-06",11.1,19.4,15.2
"2001-07",15.4,24.8,20.1
"2001-08",15.4,22.5,18.9
"2001-09",11,17.7,14.4
"2001-10",5.4,12.9,9.2
"2001-11",-0.4,5.9,2.7
"2001-12",-5.5,0,-2.7
"2002-01",-6.7,-0.4,-3.5
"2002-02",-6.7,-0.6,-3.7
"2002-03",-3.8,5.1,0.7
"2002-04",2.2,12.4,7.3
"2002-05",6.9,16.1,11.5
"2002-06",9.6,19.5,14.6
"2002-07",16.1,24.8,20.5
"2002-08",15.6,23.9,19.8
"2002-09",11.3,18.5,14.9
"2002-10",4.9,12.1,8.5
"2002-11",-2.7,2.9,0.1
"2002-12",-5.5,0.4,-2.6
"2003-01",-9.9,-2.6,-6.3
"2003-02",-9.4,-1.3,-5.3
"2003-03",-7,0.3,-3.4
"2003-04",0.7,10.3,5.5
"2003-05",5.8,18,11.9
"2003-06",10.5,19.9,15.2
"2003-07",12.6,20.1,16.4
"2003-08",15.1,22.7,18.9
"2003-09",12.3,18.7,15.5
"2003-10",3.7,11.7,7.7
"2003-11",2.5,9.5,6
"2003-12",-5.1,0.7,-2.2
"2004-01",-9.1,-2.9,-6
"2004-02",-7.3,-0.2,-3.8
"2004-03",-5.5,2.6,-1.4
"2004-04",1,11.4,6.2
"2004-05",7.4,17.5,12.5
"2004-06",11,21.2,16.1
"2004-07",15.7,23.7,19.7
"2004-08",15.4,23.7,19.5
"2004-09",12.9,19.9,16.4
"2004-10",6.2,13,9.6
"2004-11",2,8.8,5.4
"2004-12",-3.1,3.1,0
"2005-01",-8.5,-1.9,-5.2
"2005-02",-7.9,-1.6,-4.7
"2005-03",-5.5,2.1,-1.7
"2005-04",1.5,10.9,6.2
"2005-05",3.4,15,9.2
"2005-06",10.6,22.1,16.4
"2005-07",13.7,23.8,18.8
"2005-08",15.3,25.1,20.2
"2005-09",12.7,22.3,17.5
"2005-10",5.9,15.3,10.6
"2005-11",-1.2,6.2,2.5
"2005-12",-9.5,-3.9,-6.7
"2006-01",-12.6,-2.7,-7.6
"2006-02",-9.6,1.5,-4
"2006-03",-8.1,2.1,-3
"2006-04",-2.5,7.7,2.6
"2006-05",3.5,15.5,9.5
"2006-06",8.6,19.9,14.3
"2006-07",13.2,21.2,17.2
"2006-08",14.7,25.9,20.3
"2006-09",11.1,20.2,15.6
"2006-10",5.6,15.1,10.4
"2006-11",0,8.4,4.2
"2006-12",-5.4,1.5,-1.9
"2007-01",-8.9,-0.3,-4.6
"2007-02",-9,1.7,-3.7
"2007-03",-7.3,2.8,-2.2
"2007-04",-2.3,7.6,2.6
"2007-05",4.1,15,9.6
"2007-06",9.3,19.4,14.3
"2007-07",13.1,20.1,16.6
"2007-08",14.7,25.5,20.1
"2007-09",12.6,22.5,17.5
"2007-10",4.8,14.1,9.5
"2007-11",-1.3,6.8,2.8
"2007-12",-4.3,1.7,-1.3
"2008-01",-9.7,-1.8,-5.8
"2008-02",-12.6,-3.3,-7.9
"2008-03",-6,4.2,-0.9
"2008-04",-0.7,9.8,4.6
"2008-05",4.6,16,10.3
"2008-06",8.6,18.5,13.5
"2008-07",13.2,23.7,18.4
"2008-08",14.6,23.8,19.2
"2008-09",10.8,20.3,15.5
"2008-10",4.5,14.6,9.6
"2008-11",-1.2,6.6,2.7
"2008-12",-5.7,3.6,-1.1
"2009-01",-10.1,-1.1,-5.6
"2009-02",-9.8,1.9,-3.9
"2009-03",-6.7,3.3,-1.7
"2009-04",-1,11,5
"2009-05",5.5,16.4,10.9
"2009-06",9.2,19.8,14.5
"2009-07",14.1,22.1,18.1
"2009-08",14.2,23.6,18.9
"2009-09",10,19.2,14.6
"2009-10",4.1,13.8,9
"2009-11",-0.7,8.2,3.8
"2009-12",-5.4,1.7,-1.8
"2010-01",-9.7,-1.2,-5.5
"2010-02",-7.8,0.6,-3.6
"2010-03",-5.3,5.1,-0.1
"2010-04",-1.9,8.2,3.2
"2010-05",3.9,14.8,9.4
"2010-06",9.4,19.9,14.7
"2010-07",14,23.6,18.8
"2010-08",15.9,26.2,21.1
"2010-09",12.6,20.9,16.8
"2010-10",6.2,14.5,10.4
"2010-11",-1.3,7,2.9
"2010-12",-4.7,2.3,-1.2
"2011-01",-11.5,-5.4,-8.5
"2011-02",-11.2,1.6,-4.8
"2011-03",-9,0,-4.5
"2011-04",-2.9,8.3,2.7
"2011-05",4.4,15.2,9.8
"2011-06",10.3,19.1,14.7
"2011-07",14.8,23.6,19.2
"2011-08",15.3,23.7,19.5
"2011-09",11.4,20.9,16.2
"2011-10",4.6,14.3,9.5
"2011-11",1.2,9.3,5.3
"2011-12",-6.1,-0.3,-3.2
"2012-01",-9.8,-3.7,-6.8
"2012-02",-11.1,-2.1,-6.6
"2012-03",-7.4,2.8,-2.3
"2012-04",-1.6,9.2,3.8
"2012-05",3.9,14.2,9.1
"2012-06",8.9,19.2,14.1
"2012-07",14.1,22.8,18.5
"2012-08",14.7,25.7,20.2
"2012-09",12.4,21.9,17.2
"2012-10",4.1,14.1,9.1
"2012-11",-2.3,5.2,1.5
"2012-12",-8,0.4,-3.8
"2013-01",-11.7,-2.9,-7.3
"2013-02",-12.6,-1.7,-7.2
"2013-03",-5.2,6,0.4
"2013-04",-2.2,8.3,3.1
"2013-05",4.1,16.4,10.3
"2013-06",9.7,20,14.9
"2013-07",13.9,22.3,18.1
"2013-08",14.3,24.4,19.4
"2013-09",10.3,20.5,15.4
"2013-10",6.2,15.3,10.8
"2013-11",-1.8,6.2,2.2
"2013-12",-6.6,-0.4,-3.5
"2014-01",-11.6,-1.6,-6.6
"2014-02",-12.6,-1.3,-7
"2014-03",-7.2,2.7,-2.3
"2014-04",-2.3,9.1,3.4
"2014-05",4.2,15.7,10
"2014-06",9.7,19.5,14.6
"2014-07",13.1,22.8,18
"2014-08",14.8,22.7,18.8
"2014-09",8.7,18.4,13.6
"2014-10",4.4,14.4,9.4
"2014-11",0,8.1,4.1
"2014-12",-7.2,-1.3,-4.3
"2015-01",-10.4,-1.4,-5.9
"2015-02",-11.1,-0.8,-6
"2015-03",-7.2,4.2,-1.5
"2015-04",0.4,11.9,6.2
"2015-05",5.1,18,11.6
"2015-06",8.5,18.8,13.7
"2015-07",13.7,23.3,18.5
"2015-08",14.3,23,18.7
"2015-09",9.9,18.6,14.3
"2015-10",3.3,14.2,8.8
"2015-11",1.9,9.9,5.9
"2015-12",-4.5,3.2,-0.7
"2016-01",-7.8,-1.1,-4.5
"2016-02",-10.6,0.2,-5.2
"2016-03",-5.7,4.4,-0.7
"2016-04",1.2,12.6,6.9
"2016-05",6.4,18.6,12.5
"2016-06",9.6,19.5,14.6
"2016-07",14.5,23.3,18.9
"2016-08",15.1,24.7,19.9
"2016-09",12.8,20.9,16.9
"2016-10",5.8,15.8,10.8
"2016-11",-0.8,8.3,3.8
"2016-12",-6,2.8,-1.6
"2017-01",-10.7,-2,-6.4
"2017-02",-11.4,-1.3,-6.4
"2017-03",-7.9,1.4,-3.3
"2017-04",-1,9.2,4.1
"2017-05",5.1,17.1,11.1
"2017-06",6.8,18.1,12.5
"2017-07",14.4,23.4,18.9
"2017-08",15.2,23.6,19.4
"2017-09",9,18.9,14
"2017-10",5.3,14,9.7
"2017-11",-1.8,7.2,2.7
"2017-12",-7.7,-0.5,-4.1
"2018-01",-11.5,-2.9,-7.2
"2018-02",-12.8,-2.5,-7.7
"2018-03",-4.1,7,1.5
"2018-04",1,12.6,6.8
"2018-05",5.4,16.5,11
"2018-06",9.7,20.3,15
"2018-07",14.4,26,20.2
"2018-08",15.3,25.4,20.4
"2018-09",11.4,19.1,15.3
"2018-10",4.7,14,9.4
"2018-11",0.4,9.1,4.8
"2018-12",-5.4,2.1,-1.7
"2019-01",-10.5,-2.1,-6.3
"2019-02",-9.6,1.2,-4.2
"2019-03",-6.9,3.9,-1.5
"2019-04",-2.9,7.2,2.2
"2019-05",4.1,17,10.6
"2019-06",8.1,18.4,13.3
"2019-07",13.7,22.2,18
"2019-08",15.6,25.2,20.4
"2019-09",12.1,21.5,16.8
"2019-10",6.9,15.8,11.4
"2019-11",-0.6,9.1,4.3
"2019-12",-4.9,3.5,-0.7
"2020-01",-6.2,0.5,-2.9
"2020-02",-7.8,1,-3.4
"2020-03",-5.9,5.5,-0.2
"2020-04",-3,6.7,1.9
"2020-05",5.5,17.3,11.4
"2020-06",10,20.1,15.1
"2020-07",13.8,20.3,17.1
"2020-08",15.1,25.7,20.4
"2020-09",11.9,20.5,16.2
"2020-10",3.9,12.8,8.4
"2020-11",-0.1,8.9,4.4
"2020-12",-5.7,1,-2.4
"2021-01",-8.7,-1.2,-5
"2021-02",-7.8,0.9,-3.5
"2021-03",-4.4,7.4,1.5
"2021-04",-1.2,9.7,4.3
"2021-05",4.7,15.6,10.2
"2021-06",8.5,19.3,13.9
"2021-07",14,23.7,18.9
"2021-08",15,23.6,19.3
"2021-09",10.4,19.5,15
"2021-10",5,15,10
"2021-11",-1,7.3,3.2
"2021-12",-6.5,1,-2.8
"2022-01",-12.4,-3.4,-7.9
"2022-02",-11.2,-3.1,-7.2
"2022-03",-5.5,4.9,-0.3
"2022-04",-0.3,12.2,6
"2022-05",4,15.5,9.8
"2022-06",9.5,19.2,14.4
"2022-07",14.3,23.8,19.1
"2022-08",14.9,23.8,19.4
"2022-09",12.3,22,17.2
"2022-10",3.9,13.5,8.7
"2022-11",0.8,9.6,5.2
"2022-12",-6.6,0,-3.3
"2023-01",-9.5,-1.8,-5.7
"2023-02",-9.4,0,-4.7
"2023-03",-3.9,7.8,2
"2023-04",0,11.6,5.8
"2023-05",4.6,16.1,10.4
"2023-06",9.6,18.7,14.2
"2023-07",14.2,24.5,19.4
"2023-08",16.2,27.1,21.7
"2023-09",13.7,22.8,18.3
"2023-10",3.3,13,8.2
"2023-11",-0.3,9.3,4.5
"2023-12",-5,3.4,-0.8
"2024-01",-5.4,0.6,-2.4
"2024-02",-7.8,1.9,-3
"2024-03",-7.3,2,-2.7
"2024-04",1.8,13.2,7.5
"2024-05",5,17.4,11.2
"2024-06",9,19.3,14.2
"2024-07",15.4,23.4,19.4
"2024-08",16.1,25.8,21
"2024-09",13.9,22.9,18.4
"2024-10",10.1,23.4,16.8
"2024-11",0.4,9,4.7
"2024-12",-6.5,-0.7,-3.6
