"","date","min","max","mean"
"1",1965-01-15,-10.7,-3.6,-8
"2",1965-02-15,-10.3,-4.6,-9
"3",1965-03-15,-9.4,-2.3,-6.8
"4",1965-04-15,-5.3,5.1,0.5
"5",1965-05-15,4,14.4,9.6
"6",1965-06-15,9.5,18.2,13.3
"7",1965-07-15,14.2,20.4,15.4
"8",1965-08-15,13.8,24,18.9
"9",1965-09-15,10,17.4,12.5
"10",1965-10-15,3.6,11.1,6.3
"11",1965-11-15,-0.9,6.8,2.1
"12",1965-12-15,-6.3,-0.7,-5.2
"13",1966-01-15,-10.2,-4.4,-8.8
"14",1966-02-15,-8.8,-0.4,-4.9
"15",1966-03-15,-6.7,1.5,-3
"16",1966-04-15,-1.8,7.5,2.8
"17",1966-05-15,3.1,13.5,8.7
"18",1966-06-15,7.8,16.2,11.3
"19",1966-07-15,12.4,20.5,15.5
"20",1966-08-15,14.2,22.1,17.1
"21",1966-09-15,10.3,16,11.1
"22",1966-10-15,4.6,10.4,5.7
"23",1966-11-15,-1.8,5.4,0.8
"24",1966-12-15,-7.5,-2.4,-6.9
"25",1967-01-15,-10.7,-4.9,-9.3
"26",1967-02-15,-6.5,-3.7,-8.1
"27",1967-03-15,-8,1.5,-3
"28",1967-04-15,0,8.7,4
"29",1967-05-15,5.1,17.2,12.3
"30",1967-06-15,8.8,17.5,12.6
"31",1967-07-15,13.8,21.7,16.7
"32",1967-08-15,14.3,21,16
"33",1967-09-15,11,16.3,11.4
"34",1967-10-15,4,9.8,5.1
"35",1967-11-15,-1.8,5,0.4
"36",1967-12-15,-7.8,-3,-7.4
"37",1968-01-15,-11,-5.5,-9.9
"38",1968-02-15,-12.8,-6.7,-11.1
"39",1968-03-15,-7.8,1.1,-3.4
"40",1968-04-15,-1.1,8,3.3
"41",1968-05-15,3.4,13.3,8.5
"42",1968-06-15,8.9,17.6,12.7
"43",1968-07-15,14.2,22.4,17.4
"44",1968-08-15,17.7,22.4,17.4
"45",1968-09-15,10.4,17.7,12.8
"46",1968-10-15,4.6,10.3,5.6
"47",1968-11-15,-1.2,5,0.4
"48",1968-12-15,-3.7,2,-2.6
"49",1969-01-15,-8,-2.6,-7.1
"50",1969-02-15,-8.3,-2,-6.5
"51",1969-03-15,-8.7,-0.6,-5.1
"52",1969-04-15,-0.8,9.3,4.6
"53",1969-05-15,4.8,16.8,11.9
"54",1969-06-15,8.4,17.4,12.5
"55",1969-07-15,13,20.5,15.5
"56",1969-08-15,14,21.1,16.1
"57",1969-09-15,10.6,16.7,11.8
"58",1969-10-15,3.6,10.6,5.8
"59",1969-11-15,-1.1,5.1,0.5
"60",1969-12-15,-6.7,-1.6,-6.1
"61",1970-01-15,-12.3,-4.6,-9
"62",1970-02-15,-10.3,-2.3,-6.8
"63",1970-03-15,-11.5,-3.9,-8.3
"64",1970-04-15,-0.9,6.9,2.2
"65",1970-05-15,5.8,16.2,11.3
"66",1970-06-15,9.6,16.4,11.5
"67",1970-07-15,14.7,21.8,16.8
"68",1970-08-15,15.9,22.4,17.4
"69",1970-09-15,12.8,18.6,13.7
"70",1970-10-15,4.8,11.2,6.4
"71",1970-11-15,-1.3,4.5,-0.1
"72",1970-12-15,-6.6,-0.9,-5.4
"73",1971-01-15,-11.5,-3.6,-8
"74",1971-02-15,-9.2,-2.8,-7.2
"75",1971-03-15,-8.5,-0.6,-5.1
"76",1971-04-15,-1.1,8.9,4.2
"77",1971-05-15,5.4,14.6,9.8
"78",1971-06-15,9.8,17.5,12.6
"79",1971-07-15,14.6,21,16
"80",1971-08-15,15.5,22,17
"81",1971-09-15,11.9,16.3,11.4
"82",1971-10-15,3.8,9.2,4.5
"83",1971-11-15,-1,4.4,-0.2
"84",1971-12-15,-6.4,-2,-6.5
"85",1972-01-15,-7,1,-3.5
"86",1972-02-15,-9,-2.1,-6.6
"87",1972-03-15,-7,1.1,-3.4
"88",1972-04-15,3,8.9,4.2
"89",1972-05-15,5.1,15.2,10.3
"90",1972-06-15,9.8,18.8,13.9
"91",1972-07-15,14.8,21.2,16.2
"92",1972-08-15,14.9,21.5,16.5
"93",1972-09-15,10.4,16.4,11.5
"94",1972-10-15,4.5,12,7.2
"95",1972-11-15,-0.9,4.8,0.2
"96",1972-12-15,-5.5,5,0.4
"97",1973-01-15,-9.5,-2,-6.5
"98",1973-02-15,-9.9,-1.5,-6
"99",1973-03-15,-9,-1.6,-6.1
"100",1973-04-15,1.8,11.4,6.6
"101",1973-05-15,4.5,14.1,9.3
"102",1973-06-15,9.5,16.7,11.8
"103",1973-07-15,15.4,24,18.9
"104",1973-08-15,15.9,23.3,18.3
"105",1973-09-15,10.9,16.3,11.4
"106",1973-10-15,4.5,10.7,5.9
"107",1973-11-15,-1.8,3.8,-0.8
"108",1973-12-15,-9,-3.6,-8
"109",1974-01-15,-12.3,-6.2,-10.6
"110",1974-02-15,-10.3,-3.2,-7.6
"111",1974-03-15,-7.7,-5,-9.4
"112",1974-04-15,0.8,9.6,4.9
"113",1974-05-15,5.5,15.4,10.5
"114",1974-06-15,10.4,18.4,13.5
"115",1974-07-15,14.1,19.3,14.4
"116",1974-08-15,15,22.7,17.7
"117",1974-09-15,10.7,16.9,12
"118",1974-10-15,4.9,11.6,6.8
"119",1974-11-15,-2.3,3.6,-1
"120",1974-12-15,-6.5,-1.2,-5.7
"121",1975-01-15,-10.9,-4.3,-8.7
"122",1975-02-15,-10.5,-4,-8.4
"123",1975-03-15,-7.6,0,-4.5
"124",1975-04-15,1.7,8.4,3.7
"125",1975-05-15,4.3,14,9.2
"126",1975-06-15,10.1,17.6,12.7
"127",1975-07-15,13.6,21.8,16.8
"128",1975-08-15,14.3,22.3,17.3
"129",1975-09-15,12.4,18.9,14
"130",1975-10-15,5.7,11.7,6.9
"131",1975-11-15,0.4,6,1.4
"132",1975-12-15,-6,-1.4,-5.9
"133",1976-01-15,-10.3,-4.3,-8.7
"134",1976-02-15,-7.8,1,-3.5
"135",1976-03-15,-5,1.1,-3.4
"136",1976-04-15,-0.9,8,3.3
"137",1976-05-15,5,14.2,9.4
"138",1976-06-15,5.1,18.6,13.7
"139",1976-07-15,13.6,20.9,15.9
"140",1976-08-15,13.6,20,15
"141",1976-09-15,9.7,15.3,10.4
"142",1976-10-15,4.2,10.9,6.1
"143",1976-11-15,-2.3,4.9,0.3
"144",1976-12-15,-6.9,-1.2,-5.7
"145",1977-01-15,-11.4,-5.9,-10.3
"146",1977-02-15,-10.9,-4.5,-8.9
"147",1977-03-15,-4.9,2.4,-2.2
"148",1977-04-15,0.7,9,4.3
"149",1977-05-15,5.6,14.6,9.8
"150",1977-06-15,10.6,18.1,13.2
"151",1977-07-15,14.9,22.2,17.2
"152",1977-08-15,15.9,21.3,16.3
"153",1977-09-15,12.2,18.9,14
"154",1977-10-15,5.9,13.2,8.4
"155",1977-11-15,2,7.4,2.7
"156",1977-12-15,-4.7,0.6,-3.9
"157",1978-01-15,-9.1,-3,-7.4
"158",1978-02-15,-11.1,-4.5,-8.9
"159",1978-03-15,-9.5,0.1,-4.4
"160",1978-04-15,-1.5,7.6,2.9
"161",1978-05-15,5.2,15.7,10.8
"162",1978-06-15,11.1,19.5,14.5
"163",1978-07-15,15.2,24.1,19
"164",1978-08-15,15.4,23.7,18.7
"165",1978-09-15,14.1,21.5,16.5
"166",1978-10-15,4.2,11.4,6.6
"167",1978-11-15,-0.2,5.4,0.8
"168",1978-12-15,-5.2,1.7,-2.8
"169",1979-01-15,-7.4,-1.3,-5.8
"170",1979-02-15,-6.8,0.9,-3.6
"171",1979-03-15,-6.5,1.3,-3.2
"172",1979-04-15,-0.6,7.8,3.1
"173",1979-05-15,4.5,14.1,9.3
"174",1979-06-15,11.7,19.7,14.7
"175",1979-07-15,13.4,20.2,15.2
"176",1979-08-15,15.4,22,17
"177",1979-09-15,12,17.8,12.9
"178",1979-10-15,6.9,12.9,8.1
"179",1979-11-15,1.8,7.4,2.7
"180",1979-12-15,-3.6,2.1,-2.5
"181",1980-01-15,-8.3,-2.7,-7.1
"182",1980-02-15,-10.4,-5.1,-9.5
"183",1980-03-15,-6.8,1.2,-3.3
"184",1980-04-15,-0.5,8.7,4
"185",1980-05-15,5.6,16.9,12
"186",1980-06-15,11.9,19.6,14.6
"187",1980-07-15,13.9,19.6,14.6
"188",1980-08-15,15.3,19.9,14.9
"189",1980-09-15,10.9,17,12.1
"190",1980-10-15,5.5,11.2,6.4
"191",1980-11-15,0.4,6.6,1.9
"192",1980-12-15,-6.4,-2,-6.5
"193",1981-01-15,-11.1,-6.6,-11
"194",1981-02-15,-11,-3.6,-8
"195",1981-03-15,-5.9,1.6,-2.9
"196",1981-04-15,-1,8.4,3.7
"197",1981-05-15,3.9,13.5,8.7
"198",1981-06-15,9.9,18.1,13.2
"199",1981-07-15,14.7,22.1,17.1
"200",1981-08-15,14.2,21.7,16.7
"201",1981-09-15,9.7,16.1,11.2
"202",1981-10-15,3.5,10.5,5.8
"203",1981-11-15,-2.7,3.1,-1.5
"204",1981-12-15,-6.2,-0.1,-4.6
"205",1982-01-15,-3.9,-1.4,-5.9
"206",1982-02-15,-9.9,-3.3,-7.7
"207",1982-03-15,-5.1,2.9,-1.7
"208",1982-04-15,-1,8.6,3.9
"209",1982-05-15,6.3,17.2,12.3
"210",1982-06-15,8.9,17.6,12.7
"211",1982-07-15,12.5,19.7,14.7
"212",1982-08-15,15.6,21.1,16.1
"213",1982-09-15,10.1,16,11.1
"214",1982-10-15,4.3,11.7,6.9
"215",1982-11-15,1.8,6.9,2.2
"216",1982-12-15,-4,0.9,-3.6
"217",1983-01-15,-8.3,-2.1,-6.6
"218",1983-02-15,-8.9,-3.9,-8.3
"219",1983-03-15,-5.4,1.1,-3.4
"220",1983-04-15,2.4,11.2,6.4
"221",1983-05-15,5.5,16.7,11.8
"222",1983-06-15,8.8,17.4,12.5
"223",1983-07-15,13.5,19.6,14.6
"224",1983-08-15,15.8,22.2,17.2
"225",1983-09-15,12,17.4,12.5
"226",1983-10-15,3.9,10.8,6
"227",1983-11-15,-0.9,3.8,-0.8
"228",1983-12-15,-7.3,-1.9,-6.4
"229",1984-01-15,-10.3,-5.5,-9.9
"230",1984-02-15,-11.8,-5.9,-10.3
"231",1984-03-15,-8.7,-2.9,-7.3
"232",1984-04-15,-0.1,6.9,2.2
"233",1984-05-15,4.8,14.8,10
"234",1984-06-15,10.8,19.6,14.6
"235",1984-07-15,14.3,21.7,16.7
"236",1984-08-15,15.5,24,18.9
"237",1984-09-15,10.3,16.3,11.4
"238",1984-10-15,4.5,10.7,5.9
"239",1984-11-15,-0.2,6.1,1.5
"240",1984-12-15,-4.8,-0.1,-4.6
"241",1985-01-15,-11,-4.3,-8.7
"242",1985-02-15,-8.1,-1.1,-5.6
"243",1985-03-15,-4,2.8,-1.8
"244",1985-04-15,1.2,10.5,5.8
"245",1985-05-15,7.2,16.6,11.7
"246",1985-06-15,10.4,17.8,12.9
"247",1985-07-15,14.4,21.8,16.8
"248",1985-08-15,16.5,25.4,20.3
"249",1985-09-15,12.6,17.7,12.8
"250",1985-10-15,5.4,11.9,7.1
"251",1985-11-15,1,5.4,0.8
"252",1985-12-15,-5.4,-0.2,-4.7
"253",1986-01-15,-9.7,-4,-8.4
"254",1986-02-15,-11.5,-4.4,-8.8
"255",1986-03-15,-6.4,1.4,-3.1
"256",1986-04-15,-0.1,8.8,4.1
"257",1986-05-15,5.6,14.6,9.8
"258",1986-06-15,10.9,19,14.1
"259",1986-07-15,13.9,20.3,15.3
"260",1986-08-15,15.7,22.9,17.9
"261",1986-09-15,11.4,18.1,13.2
"262",1986-10-15,4,10.1,5.4
"263",1986-11-15,-0.7,5.4,0.8
"264",1986-12-15,-4.1,2,-2.6
"265",1987-01-15,-8.7,-1.6,-6.1
"266",1987-02-15,-8.2,-1.5,-6
"267",1987-03-15,-5.4,2.1,-2.5
"268",1987-04-15,-0.1,10,5.3
"269",1987-05-15,5.6,15.6,10.7
"270",1987-06-15,10.6,19.8,14.8
"271",1987-07-15,15.5,21.8,16.8
"272",1987-08-15,16,22.2,17.2
"273",1987-09-15,12.2,18.4,13.5
"274",1987-10-15,6.8,13.8,9
"275",1987-11-15,0.9,7,2.3
"276",1987-12-15,-4,1.7,-2.8
"277",1988-01-15,-6.5,-0.5,-5
"278",1988-02-15,-10.5,-4,-8.4
"279",1988-03-15,-5.5,1,-3.5
"280",1988-04-15,-0.5,8.1,3.4
"281",1988-05-15,4.3,14.2,9.4
"282",1988-06-15,11,19,14.1
"283",1988-07-15,14.2,20,15
"284",1988-08-15,17,22.7,17.7
"285",1988-09-15,13.2,17.6,12.7
"286",1988-10-15,4.1,10.1,5.4
"287",1988-11-15,-2.2,3.1,-1.5
"288",1988-12-15,-5.9,0,-4.5
"289",1989-01-15,-6.1,0.2,-4.3
"290",1989-02-15,-6.9,0.2,-4.3
"291",1989-03-15,-5.1,2.4,-2.2
"292",1989-04-15,0.4,9.2,4.5
"293",1989-05-15,5.1,14.4,9.6
"294",1989-06-15,10,17.7,12.8
"295",1989-07-15,13.8,21.3,16.3
"296",1989-08-15,15.3,21.8,16.8
"297",1989-09-15,12.4,18.1,13.2
"298",1989-10-15,4.2,11.6,6.8
"299",1989-11-15,1.1,7.3,2.6
"300",1989-12-15,-4.6,1.1,-3.4
"301",1990-01-15,-8.4,-2.3,-6.8
"302",1990-02-15,-4.7,1.6,-2.9
"303",1990-03-15,-4.5,3.1,-1.5
"304",1990-04-15,0.2,9,4.3
"305",1990-05-15,5.2,15.6,10.7
"306",1990-06-15,11.5,20.5,15.5
"307",1990-07-15,15.1,22.6,17.6
"308",1990-08-15,15.9,24.2,19.1
"309",1990-09-15,12.3,19,14.1
"310",1990-10-15,5.6,11.7,6.9
"311",1990-11-15,2.1,8.7,4
"312",1990-12-15,-3.2,2.3,-2.3
"313",1991-01-15,-8.1,-3,-7.4
"314",1991-02-15,-9.2,-3.4,-7.8
"315",1991-03-15,-3.5,2.9,-1.7
"316",1991-04-15,0.9,10.8,6
"317",1991-05-15,5.3,14.5,9.7
"318",1991-06-15,11.7,19.7,14.7
"319",1991-07-15,14.8,21.1,16.1
"320",1991-08-15,15.5,21.7,16.7
"321",1991-09-15,12.6,19,14.1
"322",1991-10-15,6.5,12.2,7.4
"323",1991-11-15,0.1,5.7,1.1
"324",1991-12-15,-3.2,2.6,-2
"325",1992-01-15,-6.3,-0.5,-5
"326",1992-02-15,-8.3,-1.6,-6.1
"327",1992-03-15,-3.1,3.6,-1
"328",1992-04-15,0.9,10.2,5.5
"329",1992-05-15,4.5,12.8,8
"330",1992-06-15,9.3,17.3,12.4
"331",1992-07-15,13.7,22.2,17.2
"332",1992-08-15,15.5,22.7,17.7
"333",1992-09-15,10.1,16.6,11.7
"334",1992-10-15,4.8,11.4,6.6
"335",1992-11-15,0.4,7.2,2.5
"336",1992-12-15,-4.2,1.3,-3.2
"337",1993-01-15,-6.8,-1.2,-5.7
"338",1993-02-15,-8.1,-1.2,-5.7
"339",1993-03-15,-6.7,1.2,-3.3
"340",1993-04-15,-0.7,7.1,2.4
"341",1993-05-15,4.4,15.6,10.7
"342",1993-06-15,9.8,18.9,14
"343",1993-07-15,13.4,20.5,15.5
"344",1993-08-15,13.9,20.5,15.5
"345",1993-09-15,10.1,16.6,11.7
"346",1993-10-15,3.8,10.5,5.8
"347",1993-11-15,2.5,8.2,3.5
"348",1993-12-15,-5.3,1.4,-3.1
"349",1994-01-15,-8.8,-2,-6.5
"350",1994-02-15,-9.4,-3.1,-7.5
"351",1994-03-15,-8.1,0.1,-4.4
"352",1994-04-15,0.4,9.8,5.1
"353",1994-05-15,5.9,16.3,11.4
"354",1994-06-15,10.5,19.3,14.4
"355",1994-07-15,16.4,24.8,19.7
"356",1994-08-15,16.7,25.6,20.5
"357",1994-09-15,12,19.1,14.2
"358",1994-10-15,6.7,13.5,8.7
"359",1994-11-15,0.8,6.9,2.2
"360",1994-12-15,-4.8,1,-3.5
"361",1995-01-15,-8.7,-3.2,-7.6
"362",1995-02-15,-10.9,-2.6,-7.1
"363",1995-03-15,-5.3,2.8,-1.8
"364",1995-04-15,-0.4,9.4,4.7
"365",1995-05-15,6,15.7,10.8
"366",1995-06-15,10,17.7,12.8
"367",1995-07-15,14.1,21.9,16.9
"368",1995-08-15,15.1,23.8,18.7
"369",1995-09-15,9.8,16.9,12
"370",1995-10-15,5.6,13.3,8.5
"371",1995-11-15,-2.6,4.5,-0.1
"372",1995-12-15,-7.5,-1.6,-6.1
"373",1996-01-15,-9.5,-2.1,-6.6
"374",1996-02-15,-10.1,-2.8,-7.2
"375",1996-03-15,-6.3,1.8,-2.8
"376",1996-04-15,-2.9,5.8,1.2
"377",1996-05-15,3.9,15.1,10.2
"378",1996-06-15,9.8,19.7,14.7
"379",1996-07-15,13.3,23.1,18.1
"380",1996-08-15,14.5,23,18
"381",1996-09-15,9.3,16.5,11.6
"382",1996-10-15,4.2,12.2,7.4
"383",1996-11-15,-0.1,6.4,1.7
"384",1996-12-15,-4.5,1.8,-2.8
"385",1997-01-15,-8.8,-1.2,-5
"386",1997-02-15,-10.8,-1.3,-6.1
"387",1997-03-15,-4.5,4.4,-0.1
"388",1997-04-15,0.9,9.3,5.1
"389",1997-05-15,6.6,16.3,11.5
"390",1997-06-15,10.6,19.7,15.1
"391",1997-07-15,14.5,21.5,18
"392",1997-08-15,15.4,23.1,19.2
"393",1997-09-15,11.2,17.2,14.2
"394",1997-10-15,3.2,11,7.1
"395",1997-11-15,0,7.1,3.5
"396",1997-12-15,-4.3,1.9,-1.2
"397",1998-01-15,-8,-1.5,-4.8
"398",1998-02-15,-7.5,0.8,-3.2
"399",1998-03-15,-4.7,3.7,-0.5
"400",1998-04-15,4.1,14.1,9.1
"401",1998-05-15,8.3,18.9,13.6
"402",1998-06-15,11.4,19.4,15.4
"403",1998-07-15,15,22.5,18.7
"404",1998-08-15,15.6,21.7,18.7
"405",1998-09-15,13.1,19.7,16.4
"406",1998-10-15,8,14.7,11.4
"407",1998-11-15,0,6.6,3.3
"408",1998-12-15,-2.6,1.9,-0.9
"409",1999-01-15,-7.5,-1.8,-4.6
"410",1999-02-15,-10.4,-1.7,-6.1
"411",1999-03-15,-4,4.3,0.1
"412",1999-04-15,0.3,10,5.2
"413",1999-05-15,5.8,16.9,11.4
"414",1999-06-15,10.2,19.4,14.8
"415",1999-07-15,14.6,22.6,18.6
"416",1999-08-15,16.2,24.6,20.4
"417",1999-09-15,14,20.4,17.2
"418",1999-10-15,5.8,13.5,9.7
"419",1999-11-15,0.4,6.9,3.7
"420",1999-12-15,-4.9,0.2,-2.5
"421",2000-01-15,-6.5,0.1,-3.3
"422",2000-02-15,-11.2,-3.9,-7.6
"423",2000-03-15,-7.9,0.2,-3.8
"424",2000-04-15,-0.8,7.1,3.2
"425",2000-05-15,5.2,16.7,10.9
"426",2000-06-15,9.7,19.4,14.5
"427",2000-07-15,14.2,23.6,18.9
"428",2000-08-15,15.5,24.3,19.9
"429",2000-09-15,11.6,18.3,15
"430",2000-10-15,6.2,12.7,9.5
"431",2000-11-15,1.1,9.2,5.1
"432",2000-12-15,-4.9,1.1,-1.9
"433",2001-01-15,-9.4,-2.9,-6.1
"434",2001-02-15,-9.3,-1.5,-5.4
"435",2001-03-15,-5.4,2.3,-1.6
"436",2001-04-15,-0.1,10.3,5.1
"437",2001-05-15,6.3,16.8,11.5
"438",2001-06-15,11.1,19.4,15.2
"439",2001-07-15,15.4,24.8,20.1
"440",2001-08-15,15.4,22.5,18.9
"441",2001-09-15,11,17.7,14.4
"442",2001-10-15,5.4,12.9,9.2
"443",2001-11-15,-0.4,5.9,2.7
"444",2001-12-15,-5.5,0,-2.7
"445",2002-01-15,-6.7,-0.4,-3.5
"446",2002-02-15,-6.7,-0.6,-3.7
"447",2002-03-15,-3.8,5.1,0.7
"448",2002-04-15,2.2,12.4,7.3
"449",2002-05-15,6.9,16.1,11.5
"450",2002-06-15,9.6,19.5,14.6
"451",2002-07-15,16.1,24.8,20.5
"452",2002-08-15,15.6,23.9,19.8
"453",2002-09-15,11.3,18.5,14.9
"454",2002-10-15,4.9,12.1,8.5
"455",2002-11-15,-2.7,2.9,0.1
"456",2002-12-15,-5.5,0.4,-2.6
"457",2003-01-15,-9.9,-2.6,-6.3
"458",2003-02-15,-9.4,-1.3,-5.3
"459",2003-03-15,-7,0.3,-3.4
"460",2003-04-15,0.7,10.3,5.5
"461",2003-05-15,5.8,18,11.9
"462",2003-06-15,10.5,19.9,15.2
"463",2003-07-15,12.6,20.1,16.4
"464",2003-08-15,15.1,22.7,18.9
"465",2003-09-15,12.3,18.7,15.5
"466",2003-10-15,3.7,11.7,7.7
"467",2003-11-15,2.5,9.5,6
"468",2003-12-15,-5.1,0.7,-2.2
"469",2004-01-15,-9.1,-2.9,-6
"470",2004-02-15,-7.3,-0.2,-3.8
"471",2004-03-15,-5.5,2.6,-1.4
"472",2004-04-15,1,11.4,6.2
"473",2004-05-15,7.4,17.5,12.5
"474",2004-06-15,11,21.2,16.1
"475",2004-07-15,15.7,23.7,19.7
"476",2004-08-15,15.4,23.7,19.5
"477",2004-09-15,12.9,19.9,16.4
"478",2004-10-15,6.2,13,9.6
"479",2004-11-15,2,8.8,5.4
"480",2004-12-15,-3.1,3.1,0
"481",2005-01-15,-8.5,-1.9,-5.2
"482",2005-02-15,-7.9,-1.6,-4.7
"483",2005-03-15,-5.5,2.1,-1.7
"484",2005-04-15,1.5,10.9,6.2
"485",2005-05-15,3.4,15,9.2
"486",2005-06-15,10.6,22.1,16.4
"487",2005-07-15,13.7,23.8,18.8
"488",2005-08-15,15.3,25.1,20.2
"489",2005-09-15,12.7,22.3,17.5
"490",2005-10-15,5.9,15.3,10.6
"491",2005-11-15,-1.2,6.2,2.5
"492",2005-12-15,-9.5,-3.9,-6.7
"493",2006-01-15,-12.6,-2.7,-7.6
"494",2006-02-15,-9.6,1.5,-4
"495",2006-03-15,-8.1,2.1,-3
"496",2006-04-15,-2.5,7.7,2.6
"497",2006-05-15,3.5,15.5,9.5
"498",2006-06-15,8.6,19.9,14.3
"499",2006-07-15,13.2,21.2,17.2
"500",2006-08-15,14.7,25.9,20.3
"501",2006-09-15,11.1,20.2,15.6
"502",2006-10-15,5.6,15.1,10.4
"503",2006-11-15,0,8.4,4.2
"504",2006-12-15,-5.4,1.5,-1.9
"505",2007-01-15,-8.9,-0.3,-4.6
"506",2007-02-15,-9,1.7,-3.7
"507",2007-03-15,-7.3,2.8,-2.2
"508",2007-04-15,-2.3,7.6,2.6
"509",2007-05-15,4.1,15,9.6
"510",2007-06-15,9.3,19.4,14.3
"511",2007-07-15,13.1,20.1,16.6
"512",2007-08-15,14.7,25.5,20.1
"513",2007-09-15,12.6,22.5,17.5
"514",2007-10-15,4.8,14.1,9.5
"515",2007-11-15,-1.3,6.8,2.8
"516",2007-12-15,-4.3,1.7,-1.3
"517",2008-01-15,-9.7,-1.8,-5.8
"518",2008-02-15,-12.6,-3.3,-7.9
"519",2008-03-15,-6,4.2,-0.9
"520",2008-04-15,-0.7,9.8,4.6
"521",2008-05-15,4.6,16,10.3
"522",2008-06-15,8.6,18.5,13.5
"523",2008-07-15,13.2,23.7,18.4
"524",2008-08-15,14.6,23.8,19.2
"525",2008-09-15,10.8,20.3,15.5
"526",2008-10-15,4.5,14.6,9.6
"527",2008-11-15,-1.2,6.6,2.7
"528",2008-12-15,-5.7,3.6,-1.1
"529",2009-01-15,-10.1,-1.1,-5.6
"530",2009-02-15,-9.8,1.9,-3.9
"531",2009-03-15,-6.7,3.3,-1.7
"532",2009-04-15,-1,11,5
"533",2009-05-15,5.5,16.4,10.9
"534",2009-06-15,9.2,19.8,14.5
"535",2009-07-15,14.1,22.1,18.1
"536",2009-08-15,14.2,23.6,18.9
"537",2009-09-15,10,19.2,14.6
"538",2009-10-15,4.1,13.8,9
"539",2009-11-15,-0.7,8.2,3.8
"540",2009-12-15,-5.4,1.7,-1.8
"541",2010-01-15,-9.7,-1.2,-5.5
"542",2010-02-15,-7.8,0.6,-3.6
"543",2010-03-15,-5.3,5.1,-0.1
"544",2010-04-15,-1.9,8.2,3.2
"545",2010-05-15,3.9,14.8,9.4
"546",2010-06-15,9.4,19.9,14.7
"547",2010-07-15,14,23.6,18.8
"548",2010-08-15,15.9,26.2,21.1
"549",2010-09-15,12.6,20.9,16.8
"550",2010-10-15,6.2,14.5,10.4
"551",2010-11-15,-1.3,7,2.9
"552",2010-12-15,-4.7,2.3,-1.2
"553",2011-01-15,-11.5,-5.4,-8.5
"554",2011-02-15,-11.2,1.6,-4.8
"555",2011-03-15,-9,0,-4.5
"556",2011-04-15,-2.9,8.3,2.7
"557",2011-05-15,4.4,15.2,9.8
"558",2011-06-15,10.3,19.1,14.7
"559",2011-07-15,14.8,23.6,19.2
"560",2011-08-15,15.3,23.7,19.5
"561",2011-09-15,11.4,20.9,16.2
"562",2011-10-15,4.6,14.3,9.5
"563",2011-11-15,1.2,9.3,5.3
"564",2011-12-15,-6.1,-0.3,-3.2
"565",2012-01-15,-9.8,-3.7,-6.8
"566",2012-02-15,-11.1,-2.1,-6.6
"567",2012-03-15,-7.4,2.8,-2.3
"568",2012-04-15,-1.6,9.2,3.8
"569",2012-05-15,3.9,14.2,9.1
"570",2012-06-15,8.9,19.2,14.1
"571",2012-07-15,14.1,22.8,18.5
"572",2012-08-15,14.7,25.7,20.2
"573",2012-09-15,12.4,21.9,17.2
"574",2012-10-15,4.1,14.1,9.1
"575",2012-11-15,-2.3,5.2,1.5
"576",2012-12-15,-8,0.4,-3.8
"577",2013-01-15,-11.7,-2.9,-7.3
"578",2013-02-15,-12.6,-1.7,-7.2
"579",2013-03-15,-5.2,6,0.4
"580",2013-04-15,-2.2,8.3,3.1
"581",2013-05-15,4.1,16.4,10.3
"582",2013-06-15,9.7,20,14.9
"583",2013-07-15,13.9,22.3,18.1
"584",2013-08-15,14.3,24.4,19.4
"585",2013-09-15,10.3,20.5,15.4
"586",2013-10-15,6.2,15.3,10.8
"587",2013-11-15,-1.8,6.2,2.2
"588",2013-12-15,-6.6,-0.4,-3.5
"589",2014-01-15,-11.6,-1.6,-6.6
"590",2014-02-15,-12.6,-1.3,-7
"591",2014-03-15,-7.2,2.7,-2.3
"592",2014-04-15,-2.3,9.1,3.4
"593",2014-05-15,4.2,15.7,10
"594",2014-06-15,9.7,19.5,14.6
"595",2014-07-15,13.1,22.8,18
"596",2014-08-15,14.8,22.7,18.8
"597",2014-09-15,8.7,18.4,13.6
"598",2014-10-15,4.4,14.4,9.4
"599",2014-11-15,0,8.1,4.1
"600",2014-12-15,-7.2,-1.3,-4.3
"601",2015-01-15,-10.4,-1.4,-5.9
"602",2015-02-15,-11.1,-0.8,-6
"603",2015-03-15,-7.2,4.2,-1.5
"604",2015-04-15,0.4,11.9,6.2
"605",2015-05-15,5.1,18,11.6
"606",2015-06-15,8.5,18.8,13.7
"607",2015-07-15,13.7,23.3,18.5
"608",2015-08-15,14.3,23,18.7
"609",2015-09-15,9.9,18.6,14.3
"610",2015-10-15,3.3,14.2,8.8
"611",2015-11-15,1.9,9.9,5.9
"612",2015-12-15,-4.5,3.2,-0.7
"613",2016-01-15,-7.8,-1.1,-4.5
"614",2016-02-15,-10.6,0.2,-5.2
"615",2016-03-15,-5.7,4.4,-0.7
"616",2016-04-15,1.2,12.6,6.9
"617",2016-05-15,6.4,18.6,12.5
"618",2016-06-15,9.6,19.5,14.6
"619",2016-07-15,14.5,23.3,18.9
"620",2016-08-15,15.1,24.7,19.9
"621",2016-09-15,12.8,20.9,16.9
"622",2016-10-15,5.8,15.8,10.8
"623",2016-11-15,-0.8,8.3,3.8
"624",2016-12-15,-6,2.8,-1.6
"625",2017-01-15,-10.7,-2,-6.4
"626",2017-02-15,-11.4,-1.3,-6.4
"627",2017-03-15,-7.9,1.4,-3.3
"628",2017-04-15,-1,9.2,4.1
"629",2017-05-15,5.1,17.1,11.1
"630",2017-06-15,6.8,18.1,12.5
"631",2017-07-15,14.4,23.4,18.9
"632",2017-08-15,15.2,23.6,19.4
"633",2017-09-15,9,18.9,14
"634",2017-10-15,5.3,14,9.7
"635",2017-11-15,-1.8,7.2,2.7
"636",2017-12-15,-7.7,-0.5,-4.1
"637",2018-01-15,-11.5,-2.9,-7.2
"638",2018-02-15,-12.8,-2.5,-7.7
"639",2018-03-15,-4.1,7,1.5
"640",2018-04-15,1,12.6,6.8
"641",2018-05-15,5.4,16.5,11
"642",2018-06-15,9.7,20.3,15
"643",2018-07-15,14.4,26,20.2
"644",2018-08-15,15.3,25.4,20.4
"645",2018-09-15,11.4,19.1,15.3
"646",2018-10-15,4.7,14,9.4
"647",2018-11-15,0.4,9.1,4.8
"648",2018-12-15,-5.4,2.1,-1.7
"649",2019-01-15,-10.5,-2.1,-6.3
"650",2019-02-15,-9.6,1.2,-4.2
"651",2019-03-15,-6.9,3.9,-1.5
"652",2019-04-15,-2.9,7.2,2.2
"653",2019-05-15,4.1,17,10.6
"654",2019-06-15,8.1,18.4,13.3
"655",2019-07-15,13.7,22.2,18
"656",2019-08-15,15.6,25.2,20.4
"657",2019-09-15,12.1,21.5,16.8
"658",2019-10-15,6.9,15.8,11.4
"659",2019-11-15,-0.6,9.1,4.3
"660",2019-12-15,-4.9,3.5,-0.7
"661",2020-01-15,-6.2,0.5,-2.9
"662",2020-02-15,-7.8,1,-3.4
"663",2020-03-15,-5.9,5.5,-0.2
"664",2020-04-15,-3,6.7,1.9
"665",2020-05-15,5.5,17.3,11.4
"666",2020-06-15,10,20.1,15.1
"667",2020-07-15,13.8,20.3,17.1
"668",2020-08-15,15.1,25.7,20.4
"669",2020-09-15,11.9,20.5,16.2
"670",2020-10-15,3.9,12.8,8.4
"671",2020-11-15,-0.1,8.9,4.4
"672",2020-12-15,-5.7,1,-2.4
"673",2021-01-15,-8.7,-1.2,-5
"674",2021-02-15,-7.8,0.9,-3.5
"675",2021-03-15,-4.4,7.4,1.5
"676",2021-04-15,-1.2,9.7,4.3
"677",2021-05-15,4.7,15.6,10.2
"678",2021-06-15,8.5,19.3,13.9
"679",2021-07-15,14,23.7,18.9
"680",2021-08-15,15,23.6,19.3
"681",2021-09-15,10.4,19.5,15
"682",2021-10-15,5,15,10
"683",2021-11-15,-1,7.3,3.2
"684",2021-12-15,-6.5,1,-2.8
"685",2022-01-15,-12.4,-3.4,-7.9
"686",2022-02-15,-11.2,-3.1,-7.2
"687",2022-03-15,-5.5,4.9,-0.3
"688",2022-04-15,-0.3,12.2,6
"689",2022-05-15,4,15.5,9.8
"690",2022-06-15,9.5,19.2,14.4
"691",2022-07-15,14.3,23.8,19.1
"692",2022-08-15,14.9,23.8,19.4
"693",2022-09-15,12.3,22,17.2
"694",2022-10-15,3.9,13.5,8.7
"695",2022-11-15,0.8,9.6,5.2
"696",2022-12-15,-6.6,0,-3.3
"697",2023-01-15,-9.5,-1.8,-5.7
"698",2023-02-15,-9.4,0,-4.7
"699",2023-03-15,-3.9,7.8,2
"700",2023-04-15,0,11.6,5.8
"701",2023-05-15,4.6,16.1,10.4
"702",2023-06-15,9.6,18.7,14.2
"703",2023-07-15,14.2,24.5,19.4
"704",2023-08-15,16.2,27.1,21.7
"705",2023-09-15,13.7,22.8,18.3
"706",2023-10-15,3.3,13,8.2
"707",2023-11-15,-0.3,9.3,4.5
"708",2023-12-15,-5,3.4,-0.8
"709",2024-01-15,-5.4,0.6,-2.4
"710",2024-02-15,-7.8,1.9,-3
"711",2024-03-15,-7.3,2,-2.7
"712",2024-04-15,1.8,13.2,7.5
"713",2024-05-15,5,17.4,11.2
"714",2024-06-15,9,19.3,14.2
"715",2024-07-15,15.4,23.4,19.4
"716",2024-08-15,16.1,25.8,21
"717",2024-09-15,13.9,22.9,18.4
"718",2024-10-15,10.1,23.4,16.8
"719",2024-11-15,0.4,9,4.7
"720",2024-12-15,-6.5,-0.7,-3.6
