plot No,plot name,プロット名,,filename西暦年,初回調査,２回目,３回目,４回目,５回目,６回目,７回目,測定限界D,直径分布階刻み,面積,ｘ軸長,y軸長,grid間隔,ｺﾝﾀ描くか,ｺﾝﾀ下限,ｺﾝﾀ上限,ｺﾝﾀ間隔,Dからcexへの変換ﾀｲﾌﾟ,測量点座標data有無,渓流1有無,渓流2有無,歩道1有無,歩道2有無,NoLineの中断点,"第3期報告書表2.1.1 WGS84 ddd,dddd",,平均気温(℃),温量指数(℃・月),寒さの指数(℃・月),年降水量(mm),積雪深(cm)
no,na,jna,alt,fyr,yr1,yr2,yr3,yr4,yr5,yr6,yr7,limD,step,Area,px,py,grid,cont,cmin,cmax,cint,cextype,survey,stream1,stream2,walk1,walk2,brankline,ido,kei,Temperature,WI,CI,Precipitation,SnowDepth
1,Bijodaira,美女平,1040,2021,1998,2003,2006,2009,2012,2016,2021,10,10,10000,100,100,10,TRUE,1000,1100,1,1,TRUE,TRUE,FALSE,TRUE,TRUE,22,36.582854,137.466717,8.1,63.3,-26.3,3570,284
2,Bunazaka,ブナ坂,1090,2020,1998,2002,2005,2008,2011,2015,2020,10,10,10000,100,100,10,TRUE,1070,1110,1,1,TRUE,TRUE,TRUE,FALSE,FALSE,285,36.578568,137.467562,8.1,64.4,-27.8,3352,256
3,Bunadaira,ブナ平,1190,2023,1999,2003,2006,2009,2012,2017,2023,10,10,10000,100,100,10,TRUE,1170,1200,1,1,TRUE,FALSE,FALSE,TRUE,FALSE,NA,36.580857,137.47948,7.9,61.9,-26.9,3440,273
4,Kaminokodaira,上ノ小平,1430,2024,2000,2004,2007,2010,2013,2018,2024,10,10,10000,100,100,10,TRUE,1400,1450,2,1,FALSE,TRUE,TRUE,FALSE,FALSE,NA,36.571317,137.506773,6.4,53.2,-35.9,3557,323
5,Matsuotoge,松尾峠,1970,2022,1998,2002,2005,2008,2011,2016,2022,10,10,5000,50,100,10,TRUE,1970,2000,2,2,FALSE,FALSE,FALSE,FALSE,FALSE,NA,36.561895,137.552649,3.7,40,-54.4,3633,461
6,Mimatsu,美松,1960,2019,1999,2003,2007,2010,2014,2019,2025,10,10,5000,50,100,10,TRUE,1940,2000,2,2,FALSE,TRUE,FALSE,FALSE,FALSE,NA,36.570683,137.559582,3.4,36.6,-55.2,3459,411
7,Kagamiishi,鏡石,2250,2022,1999,2004,2007,2009,2012,2017,2022,0,5,625,25,25,5,FALSE,NA,NA,NA,3,FALSE,FALSE,FALSE,FALSE,FALSE,NA,36.582018,137.575497,2,27.6,-63.8,3725,474
8,Arimine,有峰,1350,2019,2000,2004,2007,2010,2014,2019,2025,10,10,10000,100,100,10,TRUE,1330,1380,2,1,FALSE,FALSE,FALSE,FALSE,FALSE,NA,36.496705,137.429293,6,51.6,-39.2,3047,397
