file,object,source,paper,status,note,class,dim
Abies_death_ratio_wi.RData,Abies_death_ratio,NA,NA,todo,NA,list,3
data_Abies_death_ratio_wi.RData,data_Abies_death_ratio_wi,NA,NA,todo,NA,data.frame,21 x 4
TemperatureWIAbies_Population_BA_Mortality.RData,TemperatureWIAbies_Population_BA_Mortality2,NA,NA,todo,NA,data.frame,18 x 18
TemperatureWIAbiesPopulation.RData,TemperatureWIAbiesPopulation,NA,NA,todo,NA,data.frame,18 x 15
WI_with_KurodeDamObservation_1965_2024_AllForestPlots.RData,WI_with_KurodeDamObservation_1965_2024_AllForestPlots,NA,NA,todo,NA,data.frame,60 x 9
WI_with_KurodeDamObservation.RData,WI_with_KurodeDamObservation,NA,NA,todo,NA,data.frame,60 x 5
wi_yaer.RData,wi_yaer,NA,NA,todo,NA,data.frame,60 x 5
wi_year.RData,wi_year,NA,NA,todo,NA,data.frame,60 x 5
yr_wi_bar.RData,yr_wi_bar,NA,NA,todo,NA,data.frame,28 x 6
