"","file","object","class","dim"
"1","Abies_death_ratio_wi.RData","Abies_death_ratio","list","3"
"2","data_Abies_death_ratio_wi.RData","data_Abies_death_ratio_wi","data.frame","21 x 4"
"3","TemperatureWIAbies_Population_BA_Mortality.RData","TemperatureWIAbies_Population_BA_Mortality2","data.frame","18 x 18"
"4","TemperatureWIAbiesPopulation.RData","TemperatureWIAbiesPopulation","data.frame","18 x 15"
"5","WI_with_KurodeDamObservation_1965_2024_AllForestPlots.RData","WI_with_KurodeDamObservation_1965_2024_AllForestPlots","data.frame","60 x 9"
"6","WI_with_KurodeDamObservation.RData","WI_with_KurodeDamObservation","data.frame","60 x 5"
"7","wi_yaer.RData","wi_yaer","data.frame","60 x 5"
"8","wi_year.RData","wi_year","data.frame","60 x 5"
"9","yr_wi_bar.RData","yr_wi_bar","data.frame","28 x 6"
