"","na","yr","wi","Temperate","Ecotone","Subarctic"
"1","Bunazaka",1998,67.20992,1,0,0
"2","Bunazaka",2002,68.0848,1,0,0
"3","Bunazaka",2005,68.74096,1,0,0
"4","Bunazaka",2008,69.39712,1,0,0
"5","Bunazaka",2011,70.05328,1,0,0
"6","Bunazaka",2015,70.92816,1,0,0
"7","Bunazaka",2020,72.02176,1,0,0
"8","Kaminokodaira",2000,56.77452,0.599675509218032,0.348370924872809,0.0519535659091585
"9","Kaminokodaira",2004,57.43068,0.604609338293566,0.345254945952156,0.0501357157542772
"10","Kaminokodaira",2007,57.9766,0.611405340885478,0.343345988163336,0.045248670951186
"11","Kaminokodaira",2010,58.55074,0.613337232525177,0.340529301360994,0.0461334661138283
"12","Kaminokodaira",2013,59.12488,0.61052027637022,0.342605110635975,0.0468746129938051
"13","Kaminokodaira",2018,60.08178,0.614751055953267,0.339214273256258,0.0460346707904748
"14","Kaminokodaira",2024,61.24864,0.644172935046298,0.321805459622164,0.0340216053315385
"15","Matsuotoge",1998,38.82944,0.00569334286850989,0,0.99430665713149
"16","Matsuotoge",2002,39.4856,0.00665037023726307,0,0.993349629762737
"17","Matsuotoge",2005,39.97772,0.00833641549718733,0,0.991663584502813
"18","Matsuotoge",2008,40.46984,0.0101711992557798,0,0.98982880074422
"19","Matsuotoge",2011,40.96196,0.0106419504161263,0,0.989358049583874
"20","Matsuotoge",2016,41.78216,0.011824421922253,0,0.988175578077747
"21","Matsuotoge",2022,42.7664,0.0149589753162931,0,0.985041024683707
"22","Kagamiishi",1999,32.31348,0,0,1
"23","Kagamiishi",2004,33.13368,0,0,1
"24","Kagamiishi",2007,33.6258,0,0,1
"25","Kagamiishi",2009,33.95388,0,0,1
"26","Kagamiishi",2012,34.446,0,0,1
"27","Kagamiishi",2017,35.2662,0,0,1
"28","Kagamiishi",2022,36.0864,0,0,1
